claim_id,hcp_id,product_id,service_month,n_rx,new_rx,total_patients,payer_type,channel_source,geo_region
CLM000001,HCP0014,PRD005,2024-01-01,12,5,5,Medicare,Sample,Southeast
CLM000002,HCP0014,PRD003,2024-02-01,37,15,48,Medicaid,Claims,Southeast
CLM000003,HCP0014,PRD001,2024-03-01,15,8,32,Commercial,Syndicated Rx,Southeast
CLM000004,HCP0014,PRD010,2024-05-01,18,2,9,Cash,Syndicated Rx,Southeast
CLM000005,HCP0014,PRD008,2024-06-01,32,1,41,Medicare,Syndicated Rx,Southeast
CLM000006,HCP0014,PRD007,2024-07-01,39,3,48,Commercial,Claims,Southeast
CLM000007,HCP0014,PRD009,2024-08-01,2,0,5,Medicare,Claims,Southeast
CLM000008,HCP0014,PRD008,2024-09-01,21,12,17,Commercial,Sample,Southeast
CLM000009,HCP0014,PRD010,2024-11-01,27,13,33,Medicare,Syndicated Rx,Southeast
CLM000010,HCP0014,PRD010,2025-01-01,38,2,28,Commercial,Sample,Southeast
CLM000011,HCP0014,PRD002,2025-02-01,12,1,12,Commercial,Syndicated Rx,Southeast
CLM000012,HCP0014,PRD005,2025-03-01,32,14,33,Medicaid,Claims,Southeast
CLM000013,HCP0014,PRD007,2025-04-01,23,0,17,Medicaid,Sample,Southeast
CLM000014,HCP0014,PRD004,2025-06-01,36,7,30,Cash,Claims,Southeast
CLM000015,HCP0014,PRD001,2025-07-01,32,17,26,Commercial,Syndicated Rx,Southeast
CLM000016,HCP0014,PRD002,2025-08-01,39,17,57,Commercial,Syndicated Rx,Southeast
CLM000017,HCP0014,PRD005,2025-09-01,31,12,18,Medicare,Sample,Southeast
CLM000018,HCP0014,PRD001,2025-11-01,10,1,27,Medicaid,Claims,Southeast
CLM000019,HCP0014,PRD010,2025-12-01,40,7,33,Medicaid,Syndicated Rx,Southeast
CLM000020,HCP0014,PRD008,2026-02-01,35,3,13,Cash,Claims,Southeast
CLM000021,HCP0014,PRD004,2026-03-01,28,1,47,Medicare,Claims,Southeast
CLM000022,HCP0014,PRD002,2026-04-01,35,10,54,Medicaid,Syndicated Rx,Southeast
CLM000023,HCP0014,PRD009,2026-05-01,11,7,13,Medicare,Sample,Southeast
CLM000024,HCP0016,PRD009,2024-01-01,13,3,19,Cash,Syndicated Rx,South
CLM000025,HCP0016,PRD010,2024-02-01,39,17,30,Cash,Syndicated Rx,South
CLM000026,HCP0016,PRD009,2024-03-01,8,3,10,Medicaid,Sample,South
CLM000027,HCP0016,PRD004,2024-04-01,14,1,31,Medicaid,Claims,South
CLM000028,HCP0016,PRD002,2024-05-01,29,7,32,Commercial,Sample,South
CLM000029,HCP0016,PRD008,2024-06-01,6,5,17,Cash,Sample,South
CLM000030,HCP0016,PRD009,2024-07-01,13,7,21,Commercial,Claims,South
CLM000031,HCP0016,PRD002,2024-08-01,15,1,9,Medicare,Syndicated Rx,South
CLM000032,HCP0016,PRD008,2024-09-01,39,2,42,Medicaid,Claims,South
CLM000033,HCP0016,PRD008,2024-10-01,14,2,33,Cash,Claims,South
CLM000034,HCP0016,PRD008,2024-11-01,17,10,11,Cash,Claims,South
CLM000035,HCP0016,PRD009,2024-12-01,45,18,64,Cash,Syndicated Rx,South
CLM000036,HCP0016,PRD001,2025-01-01,24,13,35,Medicare,Claims,South
CLM000037,HCP0016,PRD002,2025-02-01,23,14,15,Medicare,Sample,South
CLM000038,HCP0016,PRD004,2025-03-01,48,13,43,Commercial,Claims,South
CLM000039,HCP0016,PRD010,2025-04-01,30,4,17,Medicare,Sample,South
CLM000040,HCP0016,PRD002,2025-06-01,24,0,27,Cash,Sample,South
CLM000041,HCP0016,PRD008,2025-08-01,50,18,38,Cash,Syndicated Rx,South
CLM000042,HCP0016,PRD009,2025-09-01,48,10,24,Commercial,Syndicated Rx,South
CLM000043,HCP0016,PRD003,2025-10-01,48,15,37,Medicare,Claims,South
CLM000044,HCP0016,PRD006,2025-11-01,24,7,41,Commercial,Claims,South
CLM000045,HCP0016,PRD010,2025-12-01,34,12,23,Medicare,Claims,South
CLM000046,HCP0016,PRD010,2026-01-01,48,11,12,Medicaid,Sample,South
CLM000047,HCP0016,PRD001,2026-02-01,30,18,49,Medicaid,Claims,South
CLM000048,HCP0016,PRD004,2026-03-01,5,2,12,Medicare,Claims,South
CLM000049,HCP0016,PRD002,2026-04-01,21,0,17,Medicare,Syndicated Rx,South
CLM000050,HCP0016,PRD002,2026-05-01,13,10,10,Medicare,Sample,South
CLM000051,HCP0023,PRD005,2024-01-01,11,4,21,Medicaid,Claims,West
CLM000052,HCP0023,PRD006,2024-02-01,49,12,18,Medicaid,Syndicated Rx,West
CLM000053,HCP0023,PRD002,2024-03-01,32,5,45,Cash,Sample,West
CLM000054,HCP0023,PRD010,2024-04-01,56,17,67,Medicaid,Claims,West
CLM000055,HCP0023,PRD004,2024-05-01,29,5,24,Medicaid,Claims,West
CLM000056,HCP0023,PRD004,2024-06-01,36,0,30,Commercial,Claims,West
CLM000057,HCP0023,PRD005,2024-07-01,47,7,43,Commercial,Syndicated Rx,West
CLM000058,HCP0023,PRD007,2024-08-01,17,2,27,Medicaid,Claims,West
CLM000059,HCP0023,PRD003,2024-09-01,42,2,51,Medicaid,Syndicated Rx,West
CLM000060,HCP0023,PRD004,2024-10-01,21,6,10,Medicaid,Syndicated Rx,West
CLM000061,HCP0023,PRD005,2024-12-01,25,1,33,Cash,Claims,West
CLM000062,HCP0023,PRD009,2025-02-01,34,12,46,Cash,Claims,West
CLM000063,HCP0023,PRD005,2025-05-01,17,7,21,Commercial,Claims,West
CLM000064,HCP0023,PRD004,2025-06-01,26,10,16,Commercial,Syndicated Rx,West
CLM000065,HCP0023,PRD010,2025-07-01,22,12,35,Commercial,Sample,West
CLM000066,HCP0023,PRD001,2025-10-01,16,15,28,Medicare,Sample,West
CLM000067,HCP0023,PRD006,2025-12-01,24,3,18,Medicare,Syndicated Rx,West
CLM000068,HCP0023,PRD008,2026-01-01,33,17,35,Medicaid,Claims,West
CLM000069,HCP0023,PRD009,2026-02-01,48,12,47,Cash,Claims,West
CLM000070,HCP0023,PRD007,2026-03-01,27,0,10,Medicaid,Sample,West
CLM000071,HCP0023,PRD004,2026-04-01,27,15,21,Commercial,Claims,West
CLM000072,HCP0023,PRD007,2026-05-01,14,9,24,Commercial,Syndicated Rx,West
CLM000073,HCP0043,PRD009,2024-02-01,13,8,28,Cash,Claims,Midwest
CLM000074,HCP0043,PRD001,2024-03-01,35,12,23,Cash,Claims,Midwest
CLM000075,HCP0043,PRD004,2024-04-01,30,14,28,Medicaid,Sample,Midwest
CLM000076,HCP0043,PRD002,2024-05-01,8,3,26,Medicaid,Sample,Midwest
CLM000077,HCP0043,PRD008,2024-06-01,32,18,21,Cash,Sample,Midwest
CLM000078,HCP0043,PRD005,2024-07-01,47,17,53,Medicare,Syndicated Rx,Midwest
CLM000079,HCP0043,PRD007,2024-08-01,14,12,28,Medicare,Claims,Midwest
CLM000080,HCP0043,PRD009,2024-10-01,18,5,17,Medicare,Claims,Midwest
CLM000081,HCP0043,PRD007,2024-11-01,25,13,22,Medicaid,Syndicated Rx,Midwest
CLM000082,HCP0043,PRD001,2025-02-01,47,12,37,Medicaid,Syndicated Rx,Midwest
CLM000083,HCP0043,PRD005,2025-03-01,39,0,42,Cash,Claims,Midwest
CLM000084,HCP0043,PRD005,2025-04-01,40,4,42,Commercial,Claims,Midwest
CLM000085,HCP0043,PRD005,2025-05-01,21,3,39,Medicaid,Syndicated Rx,Midwest
CLM000086,HCP0043,PRD003,2025-06-01,51,15,53,Cash,Claims,Midwest
CLM000087,HCP0043,PRD009,2025-07-01,21,12,31,Cash,Claims,Midwest
CLM000088,HCP0043,PRD002,2025-08-01,25,10,13,Cash,Syndicated Rx,Midwest
CLM000089,HCP0043,PRD006,2025-10-01,28,9,26,Cash,Sample,Midwest
CLM000090,HCP0043,PRD009,2025-11-01,15,7,16,Cash,Syndicated Rx,Midwest
CLM000091,HCP0043,PRD004,2025-12-01,51,13,54,Commercial,Claims,Midwest
CLM000092,HCP0043,PRD001,2026-01-01,44,13,61,Medicaid,Claims,Midwest
CLM000093,HCP0043,PRD004,2026-02-01,9,5,14,Cash,Claims,Midwest
CLM000094,HCP0043,PRD003,2026-04-01,19,18,23,Medicare,Claims,Midwest
CLM000095,HCP0031,PRD001,2024-01-01,17,14,25,Medicare,Syndicated Rx,Midwest
CLM000096,HCP0031,PRD008,2024-02-01,46,14,39,Commercial,Sample,Midwest
CLM000097,HCP0031,PRD009,2024-03-01,42,11,49,Cash,Claims,Midwest
CLM000098,HCP0031,PRD005,2024-05-01,39,17,39,Medicare,Syndicated Rx,Midwest
CLM000099,HCP0031,PRD009,2024-06-01,20,2,6,Cash,Claims,Midwest
CLM000100,HCP0031,PRD001,2024-07-01,31,18,32,Medicare,Sample,Midwest
CLM000101,HCP0031,PRD003,2024-08-01,45,13,14,Commercial,Syndicated Rx,Midwest
CLM000102,HCP0031,PRD004,2024-10-01,14,0,13,Medicaid,Sample,Midwest
CLM000103,HCP0031,PRD010,2024-12-01,37,13,35,Cash,Syndicated Rx,Midwest
CLM000104,HCP0031,PRD001,2025-01-01,42,9,61,Cash,Sample,Midwest
CLM000105,HCP0031,PRD006,2025-02-01,39,16,51,Medicaid,Syndicated Rx,Midwest
CLM000106,HCP0031,PRD003,2025-03-01,19,15,25,Medicaid,Sample,Midwest
CLM000107,HCP0031,PRD005,2025-04-01,24,8,27,Medicare,Claims,Midwest
CLM000108,HCP0031,PRD003,2025-05-01,10,7,26,Cash,Sample,Midwest
CLM000109,HCP0031,PRD001,2025-06-01,5,4,25,Cash,Syndicated Rx,Midwest
CLM000110,HCP0031,PRD001,2025-07-01,38,13,37,Commercial,Sample,Midwest
CLM000111,HCP0031,PRD005,2025-08-01,30,18,39,Medicare,Sample,Midwest
CLM000112,HCP0031,PRD004,2025-09-01,37,15,47,Medicaid,Claims,Midwest
CLM000113,HCP0031,PRD007,2025-12-01,33,3,13,Medicaid,Sample,Midwest
CLM000114,HCP0031,PRD009,2026-03-01,15,10,17,Medicaid,Claims,Midwest
CLM000115,HCP0031,PRD007,2026-04-01,35,9,30,Medicaid,Syndicated Rx,Midwest
CLM000116,HCP0031,PRD001,2026-05-01,21,14,29,Commercial,Sample,Midwest
CLM000117,HCP0028,PRD005,2024-01-01,32,2,17,Commercial,Sample,South
CLM000118,HCP0028,PRD008,2024-02-01,35,9,12,Medicare,Claims,South
CLM000119,HCP0028,PRD005,2024-04-01,47,18,27,Medicaid,Sample,South
CLM000120,HCP0028,PRD007,2024-05-01,33,2,26,Medicare,Syndicated Rx,South
CLM000121,HCP0028,PRD005,2024-06-01,28,0,22,Medicare,Claims,South
CLM000122,HCP0028,PRD002,2024-07-01,36,5,55,Commercial,Claims,South
CLM000123,HCP0028,PRD009,2024-08-01,38,13,40,Cash,Syndicated Rx,South
CLM000124,HCP0028,PRD006,2024-09-01,29,17,40,Commercial,Syndicated Rx,South
CLM000125,HCP0028,PRD005,2024-11-01,0,0,12,Medicare,Sample,South
CLM000126,HCP0028,PRD007,2025-01-01,27,3,37,Medicaid,Claims,South
CLM000127,HCP0028,PRD010,2025-02-01,20,1,23,Cash,Sample,South
CLM000128,HCP0028,PRD004,2025-03-01,37,16,43,Medicare,Syndicated Rx,South
CLM000129,HCP0028,PRD007,2025-05-01,16,6,36,Cash,Claims,South
CLM000130,HCP0028,PRD007,2025-06-01,17,4,6,Medicare,Claims,South
CLM000131,HCP0028,PRD008,2025-07-01,25,1,45,Medicaid,Sample,South
CLM000132,HCP0028,PRD007,2025-08-01,7,1,25,Commercial,Claims,South
CLM000133,HCP0028,PRD006,2025-09-01,41,13,37,Commercial,Sample,South
CLM000134,HCP0028,PRD008,2025-10-01,17,4,5,Medicaid,Syndicated Rx,South
CLM000135,HCP0028,PRD002,2025-11-01,33,16,24,Cash,Claims,South
CLM000136,HCP0028,PRD002,2025-12-01,21,3,12,Commercial,Syndicated Rx,South
CLM000137,HCP0028,PRD010,2026-01-01,22,6,39,Medicare,Syndicated Rx,South
CLM000138,HCP0028,PRD010,2026-02-01,19,9,10,Cash,Claims,South
CLM000139,HCP0028,PRD008,2026-03-01,36,15,30,Commercial,Claims,South
CLM000140,HCP0028,PRD006,2026-04-01,39,3,47,Cash,Claims,South
CLM000141,HCP0002,PRD002,2024-02-01,19,3,19,Cash,Syndicated Rx,Midwest
CLM000142,HCP0002,PRD003,2024-03-01,7,1,10,Commercial,Syndicated Rx,Midwest
CLM000143,HCP0002,PRD006,2024-04-01,37,10,57,Commercial,Claims,Midwest
CLM000144,HCP0002,PRD009,2024-07-01,14,4,15,Medicaid,Syndicated Rx,Midwest
CLM000145,HCP0002,PRD010,2024-09-01,25,2,26,Medicare,Claims,Midwest
CLM000146,HCP0002,PRD008,2024-10-01,31,14,38,Cash,Syndicated Rx,Midwest
CLM000147,HCP0002,PRD009,2024-11-01,12,5,9,Commercial,Claims,Midwest
CLM000148,HCP0002,PRD004,2024-12-01,48,18,54,Cash,Claims,Midwest
CLM000149,HCP0002,PRD001,2025-01-01,50,11,12,Medicare,Syndicated Rx,Midwest
CLM000150,HCP0002,PRD006,2025-03-01,41,13,15,Commercial,Syndicated Rx,Midwest
CLM000151,HCP0002,PRD008,2025-04-01,33,0,52,Medicare,Sample,Midwest
CLM000152,HCP0002,PRD006,2025-06-01,30,3,47,Medicare,Syndicated Rx,Midwest
CLM000153,HCP0002,PRD005,2025-07-01,21,12,38,Commercial,Claims,Midwest
CLM000154,HCP0002,PRD004,2025-08-01,37,5,35,Cash,Claims,Midwest
CLM000155,HCP0002,PRD001,2025-09-01,35,15,30,Medicaid,Syndicated Rx,Midwest
CLM000156,HCP0002,PRD010,2025-10-01,42,7,48,Cash,Syndicated Rx,Midwest
CLM000157,HCP0002,PRD005,2025-12-01,50,14,42,Commercial,Syndicated Rx,Midwest
CLM000158,HCP0002,PRD001,2026-01-01,34,3,52,Commercial,Claims,Midwest
CLM000159,HCP0002,PRD005,2026-02-01,36,1,40,Commercial,Claims,Midwest
CLM000160,HCP0002,PRD010,2026-05-01,51,16,29,Cash,Syndicated Rx,Midwest
CLM000161,HCP0021,PRD001,2024-01-01,15,1,32,Cash,Syndicated Rx,Southeast
CLM000162,HCP0021,PRD004,2024-02-01,38,15,43,Commercial,Claims,Southeast
CLM000163,HCP0021,PRD002,2024-04-01,32,10,50,Medicaid,Sample,Southeast
CLM000164,HCP0021,PRD003,2024-05-01,5,3,10,Cash,Claims,Southeast
CLM000165,HCP0021,PRD006,2024-07-01,19,13,21,Medicare,Claims,Southeast
CLM000166,HCP0021,PRD006,2024-08-01,25,12,41,Medicare,Sample,Southeast
CLM000167,HCP0021,PRD002,2024-09-01,15,13,33,Commercial,Syndicated Rx,Southeast
CLM000168,HCP0021,PRD002,2024-10-01,50,18,26,Cash,Claims,Southeast
CLM000169,HCP0021,PRD008,2024-11-01,36,1,32,Cash,Sample,Southeast
CLM000170,HCP0021,PRD004,2025-02-01,13,5,8,Cash,Sample,Southeast
CLM000171,HCP0021,PRD006,2025-03-01,42,10,34,Cash,Sample,Southeast
CLM000172,HCP0021,PRD010,2025-06-01,28,10,38,Medicare,Claims,Southeast
CLM000173,HCP0021,PRD006,2025-07-01,35,16,51,Medicaid,Sample,Southeast
CLM000174,HCP0021,PRD006,2025-08-01,57,17,30,Medicare,Claims,Southeast
CLM000175,HCP0021,PRD004,2025-09-01,31,9,17,Medicare,Sample,Southeast
CLM000176,HCP0021,PRD002,2025-10-01,17,10,34,Medicaid,Sample,Southeast
CLM000177,HCP0021,PRD004,2025-11-01,44,18,61,Medicaid,Syndicated Rx,Southeast
CLM000178,HCP0021,PRD006,2026-01-01,24,0,14,Commercial,Sample,Southeast
CLM000179,HCP0021,PRD004,2026-02-01,18,8,17,Medicaid,Claims,Southeast
CLM000180,HCP0021,PRD005,2026-04-01,22,9,11,Medicaid,Syndicated Rx,Southeast
CLM000181,HCP0021,PRD008,2026-05-01,31,17,41,Medicare,Sample,Southeast
CLM000182,HCP0011,PRD005,2024-03-01,25,1,29,Cash,Sample,Midwest
CLM000183,HCP0011,PRD004,2024-04-01,20,17,17,Medicaid,Claims,Midwest
CLM000184,HCP0011,PRD004,2024-05-01,28,14,37,Medicare,Sample,Midwest
CLM000185,HCP0011,PRD006,2024-07-01,9,5,10,Medicare,Sample,Midwest
CLM000186,HCP0011,PRD006,2024-08-01,14,12,25,Medicaid,Sample,Midwest
CLM000187,HCP0011,PRD007,2024-09-01,42,5,59,Medicaid,Claims,Midwest
CLM000188,HCP0011,PRD009,2024-10-01,6,4,9,Medicaid,Sample,Midwest
CLM000189,HCP0011,PRD007,2024-11-01,40,9,59,Medicaid,Claims,Midwest
CLM000190,HCP0011,PRD005,2025-01-01,18,7,11,Medicare,Syndicated Rx,Midwest
CLM000191,HCP0011,PRD008,2025-02-01,17,12,23,Medicare,Claims,Midwest
CLM000192,HCP0011,PRD004,2025-03-01,33,10,28,Medicare,Sample,Midwest
CLM000193,HCP0011,PRD010,2025-04-01,17,17,20,Medicaid,Syndicated Rx,Midwest
CLM000194,HCP0011,PRD003,2025-05-01,9,7,28,Medicaid,Syndicated Rx,Midwest
CLM000195,HCP0011,PRD005,2025-08-01,35,17,18,Medicaid,Sample,Midwest
CLM000196,HCP0011,PRD010,2025-10-01,19,1,17,Medicaid,Sample,Midwest
CLM000197,HCP0011,PRD006,2025-11-01,13,3,29,Commercial,Sample,Midwest
CLM000198,HCP0011,PRD008,2025-12-01,33,6,12,Medicare,Sample,Midwest
CLM000199,HCP0011,PRD004,2026-03-01,17,13,36,Medicare,Claims,Midwest
CLM000200,HCP0011,PRD001,2026-04-01,12,10,12,Commercial,Claims,Midwest
CLM000201,HCP0011,PRD003,2026-05-01,43,8,12,Medicare,Syndicated Rx,Midwest
CLM000202,HCP0037,PRD010,2024-01-01,54,14,39,Cash,Syndicated Rx,Midwest
CLM000203,HCP0037,PRD002,2024-02-01,37,3,5,Commercial,Sample,Midwest
CLM000204,HCP0037,PRD008,2024-03-01,24,2,37,Commercial,Syndicated Rx,Midwest
CLM000205,HCP0037,PRD004,2024-05-01,20,2,33,Cash,Syndicated Rx,Midwest
CLM000206,HCP0037,PRD001,2024-07-01,39,5,19,Medicare,Sample,Midwest
CLM000207,HCP0037,PRD009,2024-08-01,35,17,26,Medicaid,Sample,Midwest
CLM000208,HCP0037,PRD004,2024-12-01,35,0,40,Medicare,Claims,Midwest
CLM000209,HCP0037,PRD002,2025-01-01,56,18,43,Commercial,Syndicated Rx,Midwest
CLM000210,HCP0037,PRD001,2025-02-01,24,11,37,Medicare,Claims,Midwest
CLM000211,HCP0037,PRD008,2025-03-01,20,8,15,Medicare,Sample,Midwest
CLM000212,HCP0037,PRD002,2025-09-01,21,17,26,Commercial,Syndicated Rx,Midwest
CLM000213,HCP0037,PRD010,2025-10-01,49,18,39,Medicaid,Claims,Midwest
CLM000214,HCP0037,PRD006,2025-11-01,13,7,16,Commercial,Claims,Midwest
CLM000215,HCP0037,PRD008,2025-12-01,35,14,53,Medicaid,Sample,Midwest
CLM000216,HCP0037,PRD003,2026-01-01,54,18,41,Medicaid,Syndicated Rx,Midwest
CLM000217,HCP0037,PRD007,2026-02-01,25,10,24,Cash,Syndicated Rx,Midwest
CLM000218,HCP0037,PRD007,2026-04-01,40,10,39,Cash,Syndicated Rx,Midwest
CLM000219,HCP0033,PRD003,2024-01-01,14,3,25,Commercial,Syndicated Rx,West
CLM000220,HCP0033,PRD001,2024-03-01,29,17,33,Commercial,Sample,West
CLM000221,HCP0033,PRD007,2024-04-01,32,0,45,Commercial,Sample,West
CLM000222,HCP0033,PRD002,2024-05-01,31,18,20,Medicaid,Sample,West
CLM000223,HCP0033,PRD006,2024-07-01,27,4,30,Medicare,Sample,West
CLM000224,HCP0033,PRD006,2024-08-01,17,9,23,Commercial,Syndicated Rx,West
CLM000225,HCP0033,PRD005,2024-09-01,15,0,32,Medicare,Sample,West
CLM000226,HCP0033,PRD010,2024-10-01,16,5,14,Cash,Syndicated Rx,West
CLM000227,HCP0033,PRD010,2024-11-01,29,15,19,Medicaid,Syndicated Rx,West
CLM000228,HCP0033,PRD001,2024-12-01,39,6,56,Medicaid,Syndicated Rx,West
CLM000229,HCP0033,PRD001,2025-01-01,16,14,15,Medicaid,Claims,West
CLM000230,HCP0033,PRD008,2025-02-01,56,16,69,Medicaid,Sample,West
CLM000231,HCP0033,PRD002,2025-03-01,53,17,28,Cash,Sample,West
CLM000232,HCP0033,PRD003,2025-04-01,22,18,34,Medicaid,Syndicated Rx,West
CLM000233,HCP0033,PRD010,2025-06-01,34,12,34,Cash,Syndicated Rx,West
CLM000234,HCP0033,PRD008,2025-08-01,32,4,15,Medicare,Claims,West
CLM000235,HCP0033,PRD009,2025-09-01,21,8,17,Medicare,Claims,West
CLM000236,HCP0033,PRD009,2025-10-01,17,3,31,Medicaid,Sample,West
CLM000237,HCP0033,PRD008,2025-11-01,45,15,28,Medicare,Sample,West
CLM000238,HCP0033,PRD001,2026-01-01,9,1,23,Medicare,Claims,West
CLM000239,HCP0033,PRD005,2026-02-01,37,1,14,Commercial,Claims,West
CLM000240,HCP0033,PRD007,2026-03-01,38,5,30,Commercial,Sample,West
CLM000241,HCP0033,PRD006,2026-04-01,14,9,15,Cash,Sample,West
CLM000242,HCP0047,PRD002,2024-02-01,51,13,22,Medicare,Sample,South
CLM000243,HCP0047,PRD002,2024-03-01,18,8,31,Medicaid,Syndicated Rx,South
CLM000244,HCP0047,PRD003,2024-04-01,16,2,29,Cash,Claims,South
CLM000245,HCP0047,PRD010,2024-05-01,39,6,38,Cash,Claims,South
CLM000246,HCP0047,PRD005,2024-06-01,35,5,44,Commercial,Sample,South
CLM000247,HCP0047,PRD007,2024-07-01,8,3,20,Medicare,Sample,South
CLM000248,HCP0047,PRD004,2024-08-01,27,0,38,Cash,Syndicated Rx,South
CLM000249,HCP0047,PRD005,2024-10-01,27,13,43,Cash,Syndicated Rx,South
CLM000250,HCP0047,PRD007,2024-11-01,24,18,31,Medicare,Syndicated Rx,South
CLM000251,HCP0047,PRD006,2024-12-01,12,7,16,Cash,Syndicated Rx,South
CLM000252,HCP0047,PRD009,2025-01-01,36,0,38,Commercial,Sample,South
CLM000253,HCP0047,PRD008,2025-02-01,26,6,32,Medicaid,Claims,South
CLM000254,HCP0047,PRD004,2025-03-01,34,18,34,Cash,Sample,South
CLM000255,HCP0047,PRD001,2025-04-01,33,8,21,Cash,Sample,South
CLM000256,HCP0047,PRD004,2025-06-01,46,11,46,Cash,Syndicated Rx,South
CLM000257,HCP0047,PRD008,2025-08-01,20,12,39,Commercial,Sample,South
CLM000258,HCP0047,PRD007,2025-09-01,11,5,11,Cash,Syndicated Rx,South
CLM000259,HCP0047,PRD003,2025-11-01,11,1,17,Commercial,Claims,South
CLM000260,HCP0047,PRD007,2026-01-01,18,13,15,Medicaid,Claims,South
CLM000261,HCP0047,PRD004,2026-02-01,25,1,30,Medicaid,Sample,South
CLM000262,HCP0047,PRD008,2026-04-01,45,5,36,Cash,Claims,South
CLM000263,HCP0047,PRD006,2026-05-01,34,16,28,Commercial,Sample,South
CLM000264,HCP0035,PRD002,2024-01-01,46,7,17,Commercial,Syndicated Rx,South
CLM000265,HCP0035,PRD006,2024-02-01,10,0,7,Medicaid,Syndicated Rx,South
CLM000266,HCP0035,PRD010,2024-03-01,37,12,49,Medicare,Sample,South
CLM000267,HCP0035,PRD009,2024-04-01,7,2,22,Medicaid,Sample,South
CLM000268,HCP0035,PRD006,2024-07-01,22,8,20,Cash,Syndicated Rx,South
CLM000269,HCP0035,PRD005,2024-08-01,19,8,34,Commercial,Sample,South
CLM000270,HCP0035,PRD003,2024-09-01,30,9,16,Medicaid,Sample,South
CLM000271,HCP0035,PRD006,2024-11-01,38,14,50,Cash,Claims,South
CLM000272,HCP0035,PRD008,2025-02-01,51,14,69,Commercial,Syndicated Rx,South
CLM000273,HCP0035,PRD002,2025-03-01,26,2,45,Medicare,Sample,South
CLM000274,HCP0035,PRD003,2025-04-01,36,10,32,Commercial,Sample,South
CLM000275,HCP0035,PRD002,2025-06-01,27,2,26,Commercial,Sample,South
CLM000276,HCP0035,PRD005,2025-08-01,24,11,28,Medicare,Sample,South
CLM000277,HCP0035,PRD003,2025-09-01,37,6,53,Medicare,Claims,South
CLM000278,HCP0035,PRD002,2025-10-01,21,8,22,Medicare,Claims,South
CLM000279,HCP0035,PRD010,2025-12-01,10,3,7,Cash,Sample,South
CLM000280,HCP0035,PRD008,2026-01-01,19,17,32,Medicaid,Sample,South
CLM000281,HCP0035,PRD010,2026-02-01,35,18,49,Medicare,Sample,South
CLM000282,HCP0035,PRD008,2026-03-01,43,7,15,Commercial,Sample,South
CLM000283,HCP0035,PRD002,2026-05-01,19,17,33,Medicaid,Syndicated Rx,South
CLM000284,HCP0019,PRD001,2024-03-01,36,3,34,Medicaid,Sample,South
CLM000285,HCP0019,PRD008,2024-04-01,30,6,43,Commercial,Syndicated Rx,South
CLM000286,HCP0019,PRD006,2024-05-01,19,8,24,Medicare,Syndicated Rx,South
CLM000287,HCP0019,PRD001,2024-06-01,33,10,21,Cash,Syndicated Rx,South
CLM000288,HCP0019,PRD001,2024-07-01,34,11,36,Medicaid,Syndicated Rx,South
CLM000289,HCP0019,PRD006,2024-08-01,40,4,48,Medicare,Claims,South
CLM000290,HCP0019,PRD003,2024-09-01,42,7,34,Cash,Claims,South
CLM000291,HCP0019,PRD007,2024-10-01,34,4,5,Medicare,Syndicated Rx,South
CLM000292,HCP0019,PRD007,2024-11-01,50,16,62,Medicaid,Syndicated Rx,South
CLM000293,HCP0019,PRD010,2024-12-01,53,17,20,Cash,Claims,South
CLM000294,HCP0019,PRD006,2025-01-01,14,1,31,Medicaid,Syndicated Rx,South
CLM000295,HCP0019,PRD004,2025-03-01,26,10,33,Medicaid,Sample,South
CLM000296,HCP0019,PRD006,2025-04-01,30,8,9,Cash,Claims,South
CLM000297,HCP0019,PRD003,2025-05-01,42,6,42,Medicare,Syndicated Rx,South
CLM000298,HCP0019,PRD001,2025-06-01,47,16,65,Cash,Claims,South
CLM000299,HCP0019,PRD009,2025-07-01,38,9,49,Medicare,Claims,South
CLM000300,HCP0019,PRD006,2025-08-01,36,10,50,Cash,Claims,South
CLM000301,HCP0019,PRD004,2025-09-01,24,10,30,Medicaid,Sample,South
CLM000302,HCP0019,PRD008,2025-10-01,46,8,49,Cash,Syndicated Rx,South
CLM000303,HCP0019,PRD004,2026-02-01,44,16,42,Medicare,Claims,South
CLM000304,HCP0019,PRD007,2026-04-01,23,7,12,Medicare,Claims,South
CLM000305,HCP0019,PRD010,2026-05-01,7,3,20,Commercial,Claims,South
CLM000306,HCP0018,PRD009,2024-02-01,8,2,13,Medicare,Claims,West
CLM000307,HCP0018,PRD007,2024-03-01,31,12,26,Medicare,Sample,West
CLM000308,HCP0018,PRD001,2024-04-01,12,4,21,Medicare,Claims,West
CLM000309,HCP0018,PRD006,2024-05-01,31,11,41,Cash,Sample,West
CLM000310,HCP0018,PRD007,2024-07-01,38,4,16,Cash,Sample,West
CLM000311,HCP0018,PRD004,2024-08-01,45,18,51,Medicaid,Syndicated Rx,West
CLM000312,HCP0018,PRD007,2024-09-01,12,7,21,Medicaid,Syndicated Rx,West
CLM000313,HCP0018,PRD010,2024-10-01,23,4,5,Commercial,Sample,West
CLM000314,HCP0018,PRD001,2025-01-01,49,15,15,Cash,Syndicated Rx,West
CLM000315,HCP0018,PRD007,2025-02-01,31,13,51,Medicare,Claims,West
CLM000316,HCP0018,PRD002,2025-03-01,32,6,41,Cash,Syndicated Rx,West
CLM000317,HCP0018,PRD001,2025-04-01,36,12,26,Medicaid,Claims,West
CLM000318,HCP0018,PRD002,2025-05-01,40,7,55,Medicaid,Syndicated Rx,West
CLM000319,HCP0018,PRD004,2025-06-01,34,17,43,Medicare,Claims,West
CLM000320,HCP0018,PRD005,2025-07-01,16,9,29,Cash,Sample,West
CLM000321,HCP0018,PRD010,2025-08-01,27,15,35,Commercial,Claims,West
CLM000322,HCP0018,PRD009,2025-09-01,18,17,22,Commercial,Syndicated Rx,West
CLM000323,HCP0018,PRD004,2025-10-01,14,14,21,Commercial,Claims,West
CLM000324,HCP0018,PRD003,2025-11-01,27,6,32,Medicaid,Syndicated Rx,West
CLM000325,HCP0018,PRD010,2026-01-01,22,1,10,Medicare,Claims,West
CLM000326,HCP0018,PRD005,2026-02-01,16,12,29,Cash,Claims,West
CLM000327,HCP0018,PRD005,2026-03-01,32,8,8,Commercial,Sample,West
CLM000328,HCP0018,PRD001,2026-04-01,29,14,16,Medicare,Syndicated Rx,West
CLM000329,HCP0018,PRD005,2026-05-01,36,3,47,Medicare,Syndicated Rx,West
CLM000330,HCP0036,PRD006,2024-01-01,29,9,19,Commercial,Sample,West
CLM000331,HCP0036,PRD009,2024-03-01,38,8,48,Medicaid,Claims,West
CLM000332,HCP0036,PRD003,2024-04-01,14,1,8,Medicare,Sample,West
CLM000333,HCP0036,PRD007,2024-05-01,10,0,30,Medicaid,Sample,West
CLM000334,HCP0036,PRD008,2024-06-01,7,7,8,Cash,Sample,West
CLM000335,HCP0036,PRD005,2024-07-01,16,11,18,Medicare,Syndicated Rx,West
CLM000336,HCP0036,PRD009,2024-08-01,50,10,13,Commercial,Syndicated Rx,West
CLM000337,HCP0036,PRD005,2024-09-01,23,17,21,Cash,Claims,West
CLM000338,HCP0036,PRD008,2024-10-01,39,17,45,Medicare,Claims,West
CLM000339,HCP0036,PRD006,2024-11-01,19,11,19,Commercial,Syndicated Rx,West
CLM000340,HCP0036,PRD008,2024-12-01,35,17,51,Cash,Claims,West
CLM000341,HCP0036,PRD009,2025-01-01,39,17,37,Cash,Syndicated Rx,West
CLM000342,HCP0036,PRD009,2025-03-01,27,17,19,Medicare,Syndicated Rx,West
CLM000343,HCP0036,PRD002,2025-04-01,42,8,31,Cash,Claims,West
CLM000344,HCP0036,PRD010,2025-06-01,6,5,24,Medicaid,Sample,West
CLM000345,HCP0036,PRD005,2025-07-01,36,2,29,Medicare,Sample,West
CLM000346,HCP0036,PRD009,2025-08-01,26,17,36,Medicaid,Syndicated Rx,West
CLM000347,HCP0036,PRD005,2025-09-01,17,10,13,Commercial,Claims,West
CLM000348,HCP0036,PRD005,2025-11-01,13,1,8,Cash,Claims,West
CLM000349,HCP0036,PRD001,2025-12-01,42,18,60,Cash,Sample,West
CLM000350,HCP0036,PRD007,2026-01-01,34,18,21,Medicaid,Claims,West
CLM000351,HCP0036,PRD008,2026-02-01,2,2,11,Cash,Claims,West
CLM000352,HCP0036,PRD009,2026-03-01,24,1,40,Cash,Syndicated Rx,West
CLM000353,HCP0036,PRD010,2026-05-01,41,8,10,Commercial,Syndicated Rx,West
CLM000354,HCP0030,PRD006,2024-01-01,39,6,12,Commercial,Sample,South
CLM000355,HCP0030,PRD002,2024-02-01,24,12,24,Medicare,Sample,South
CLM000356,HCP0030,PRD010,2024-03-01,40,5,52,Cash,Sample,South
CLM000357,HCP0030,PRD009,2024-04-01,40,18,47,Cash,Claims,South
CLM000358,HCP0030,PRD010,2024-05-01,40,5,30,Medicaid,Sample,South
CLM000359,HCP0030,PRD007,2024-06-01,36,14,34,Medicaid,Syndicated Rx,South
CLM000360,HCP0030,PRD001,2024-07-01,33,13,51,Medicare,Sample,South
CLM000361,HCP0030,PRD003,2024-08-01,47,12,59,Medicaid,Syndicated Rx,South
CLM000362,HCP0030,PRD007,2024-10-01,12,12,13,Medicaid,Sample,South
CLM000363,HCP0030,PRD004,2024-11-01,23,4,5,Medicaid,Claims,South
CLM000364,HCP0030,PRD004,2024-12-01,11,10,18,Medicare,Claims,South
CLM000365,HCP0030,PRD002,2025-01-01,20,11,15,Medicaid,Syndicated Rx,South
CLM000366,HCP0030,PRD005,2025-03-01,27,8,13,Cash,Sample,South
CLM000367,HCP0030,PRD002,2025-05-01,40,10,21,Cash,Sample,South
CLM000368,HCP0030,PRD001,2025-06-01,41,3,46,Medicaid,Claims,South
CLM000369,HCP0030,PRD007,2025-07-01,42,18,23,Commercial,Syndicated Rx,South
CLM000370,HCP0030,PRD006,2025-08-01,39,13,20,Medicare,Sample,South
CLM000371,HCP0030,PRD001,2025-09-01,40,0,54,Cash,Claims,South
CLM000372,HCP0030,PRD007,2025-10-01,21,1,39,Medicare,Syndicated Rx,South
CLM000373,HCP0030,PRD007,2025-11-01,16,7,8,Cash,Syndicated Rx,South
CLM000374,HCP0030,PRD004,2026-01-01,16,2,32,Medicaid,Syndicated Rx,South
CLM000375,HCP0030,PRD006,2026-02-01,15,10,25,Commercial,Sample,South
CLM000376,HCP0030,PRD010,2026-03-01,27,2,37,Cash,Sample,South
CLM000377,HCP0030,PRD008,2026-04-01,34,4,40,Medicare,Syndicated Rx,South
CLM000378,HCP0030,PRD007,2026-05-01,30,18,33,Medicare,Claims,South
CLM000379,HCP0042,PRD002,2024-01-01,33,13,49,Commercial,Claims,Midwest
CLM000380,HCP0042,PRD005,2024-02-01,36,13,35,Medicare,Syndicated Rx,Midwest
CLM000381,HCP0042,PRD007,2024-03-01,19,0,15,Medicaid,Sample,Midwest
CLM000382,HCP0042,PRD008,2024-06-01,16,14,21,Medicare,Sample,Midwest
CLM000383,HCP0042,PRD003,2024-07-01,9,2,28,Commercial,Claims,Midwest
CLM000384,HCP0042,PRD008,2024-12-01,22,3,33,Cash,Claims,Midwest
CLM000385,HCP0042,PRD006,2025-01-01,30,17,30,Medicaid,Sample,Midwest
CLM000386,HCP0042,PRD003,2025-02-01,5,4,17,Commercial,Syndicated Rx,Midwest
CLM000387,HCP0042,PRD010,2025-03-01,21,9,26,Commercial,Syndicated Rx,Midwest
CLM000388,HCP0042,PRD003,2025-04-01,4,0,17,Medicaid,Sample,Midwest
CLM000389,HCP0042,PRD007,2025-06-01,4,3,14,Cash,Claims,Midwest
CLM000390,HCP0042,PRD008,2025-08-01,23,3,36,Commercial,Claims,Midwest
CLM000391,HCP0042,PRD001,2025-09-01,49,14,59,Commercial,Claims,Midwest
CLM000392,HCP0042,PRD008,2025-10-01,35,16,37,Cash,Syndicated Rx,Midwest
CLM000393,HCP0042,PRD006,2025-11-01,22,0,27,Medicaid,Sample,Midwest
CLM000394,HCP0042,PRD002,2025-12-01,33,16,19,Medicaid,Syndicated Rx,Midwest
CLM000395,HCP0042,PRD009,2026-03-01,34,17,31,Medicare,Syndicated Rx,Midwest
CLM000396,HCP0042,PRD003,2026-05-01,26,2,38,Medicare,Syndicated Rx,Midwest
CLM000397,HCP0010,PRD008,2024-01-01,31,4,24,Medicaid,Syndicated Rx,Northeast
CLM000398,HCP0010,PRD009,2024-02-01,14,6,24,Medicare,Claims,Northeast
CLM000399,HCP0010,PRD004,2024-03-01,24,16,29,Medicare,Sample,Northeast
CLM000400,HCP0010,PRD008,2024-06-01,51,17,63,Commercial,Claims,Northeast
CLM000401,HCP0010,PRD009,2024-07-01,5,4,15,Cash,Syndicated Rx,Northeast
CLM000402,HCP0010,PRD001,2024-08-01,17,8,32,Medicare,Claims,Northeast
CLM000403,HCP0010,PRD007,2024-09-01,39,0,44,Medicaid,Sample,Northeast
CLM000404,HCP0010,PRD009,2024-10-01,45,7,21,Medicare,Sample,Northeast
CLM000405,HCP0010,PRD006,2024-11-01,32,2,13,Cash,Sample,Northeast
CLM000406,HCP0010,PRD002,2024-12-01,29,5,36,Cash,Claims,Northeast
CLM000407,HCP0010,PRD004,2025-01-01,9,7,20,Commercial,Syndicated Rx,Northeast
CLM000408,HCP0010,PRD009,2025-03-01,19,6,10,Medicare,Syndicated Rx,Northeast
CLM000409,HCP0010,PRD006,2025-05-01,39,10,25,Cash,Syndicated Rx,Northeast
CLM000410,HCP0010,PRD006,2025-07-01,32,12,37,Commercial,Sample,Northeast
CLM000411,HCP0010,PRD007,2025-08-01,16,14,21,Cash,Sample,Northeast
CLM000412,HCP0010,PRD009,2025-09-01,45,12,60,Commercial,Claims,Northeast
CLM000413,HCP0010,PRD010,2025-10-01,31,12,30,Cash,Claims,Northeast
CLM000414,HCP0010,PRD006,2025-11-01,34,1,14,Cash,Sample,Northeast
CLM000415,HCP0010,PRD010,2025-12-01,23,16,21,Medicare,Syndicated Rx,Northeast
CLM000416,HCP0010,PRD004,2026-01-01,15,14,19,Cash,Sample,Northeast
CLM000417,HCP0010,PRD003,2026-05-01,20,10,32,Commercial,Claims,Northeast
CLM000418,HCP0003,PRD006,2024-01-01,54,14,37,Commercial,Sample,West
CLM000419,HCP0003,PRD009,2024-02-01,55,16,26,Cash,Sample,West
CLM000420,HCP0003,PRD010,2024-03-01,26,5,41,Medicare,Claims,West
CLM000421,HCP0003,PRD008,2024-05-01,27,1,24,Medicaid,Sample,West
CLM000422,HCP0003,PRD002,2024-07-01,12,5,9,Medicare,Claims,West
CLM000423,HCP0003,PRD008,2024-08-01,8,8,22,Cash,Syndicated Rx,West
CLM000424,HCP0003,PRD010,2024-09-01,38,0,36,Medicare,Claims,West
CLM000425,HCP0003,PRD010,2024-10-01,44,15,41,Cash,Claims,West
CLM000426,HCP0003,PRD004,2024-11-01,15,0,33,Medicaid,Sample,West
CLM000427,HCP0003,PRD007,2024-12-01,9,6,11,Medicare,Claims,West
CLM000428,HCP0003,PRD003,2025-01-01,10,1,6,Medicaid,Syndicated Rx,West
CLM000429,HCP0003,PRD009,2025-03-01,24,13,23,Medicaid,Sample,West
CLM000430,HCP0003,PRD004,2025-04-01,53,18,29,Cash,Sample,West
CLM000431,HCP0003,PRD008,2025-05-01,6,1,14,Medicaid,Syndicated Rx,West
CLM000432,HCP0003,PRD010,2025-10-01,23,15,18,Medicaid,Syndicated Rx,West
CLM000433,HCP0003,PRD005,2025-11-01,29,16,29,Commercial,Claims,West
CLM000434,HCP0003,PRD006,2025-12-01,21,16,31,Medicaid,Syndicated Rx,West
CLM000435,HCP0003,PRD010,2026-01-01,26,10,43,Medicaid,Claims,West
CLM000436,HCP0003,PRD009,2026-02-01,48,15,61,Cash,Syndicated Rx,West
CLM000437,HCP0003,PRD008,2026-05-01,21,9,9,Commercial,Claims,West
CLM000438,HCP0034,PRD001,2024-01-01,16,3,31,Cash,Claims,West
CLM000439,HCP0034,PRD010,2024-02-01,57,17,30,Commercial,Sample,West
CLM000440,HCP0034,PRD003,2024-03-01,25,9,13,Medicaid,Syndicated Rx,West
CLM000441,HCP0034,PRD004,2024-04-01,10,10,13,Medicaid,Syndicated Rx,West
CLM000442,HCP0034,PRD002,2024-05-01,57,18,19,Medicare,Claims,West
CLM000443,HCP0034,PRD008,2024-06-01,40,10,40,Commercial,Sample,West
CLM000444,HCP0034,PRD007,2024-07-01,44,4,34,Medicaid,Syndicated Rx,West
CLM000445,HCP0034,PRD003,2024-09-01,34,1,24,Medicaid,Sample,West
CLM000446,HCP0034,PRD010,2024-10-01,42,6,49,Medicaid,Syndicated Rx,West
CLM000447,HCP0034,PRD001,2024-11-01,21,4,6,Medicaid,Syndicated Rx,West
CLM000448,HCP0034,PRD007,2024-12-01,41,5,43,Cash,Claims,West
CLM000449,HCP0034,PRD005,2025-01-01,29,9,11,Medicaid,Syndicated Rx,West
CLM000450,HCP0034,PRD006,2025-02-01,30,7,35,Medicaid,Claims,West
CLM000451,HCP0034,PRD009,2025-03-01,12,5,16,Commercial,Claims,West
CLM000452,HCP0034,PRD009,2025-05-01,30,0,37,Medicare,Claims,West
CLM000453,HCP0034,PRD009,2025-06-01,48,15,34,Medicaid,Claims,West
CLM000454,HCP0034,PRD007,2025-08-01,24,16,22,Commercial,Syndicated Rx,West
CLM000455,HCP0034,PRD001,2025-09-01,23,16,16,Medicaid,Claims,West
CLM000456,HCP0034,PRD003,2025-10-01,23,2,34,Commercial,Claims,West
CLM000457,HCP0034,PRD005,2025-11-01,10,9,27,Medicaid,Sample,West
CLM000458,HCP0034,PRD008,2026-01-01,24,6,23,Medicaid,Syndicated Rx,West
CLM000459,HCP0034,PRD004,2026-02-01,17,8,13,Medicaid,Claims,West
CLM000460,HCP0034,PRD004,2026-03-01,49,17,23,Medicare,Sample,West
CLM000461,HCP0034,PRD007,2026-04-01,27,10,19,Medicaid,Sample,West
CLM000462,HCP0034,PRD001,2026-05-01,21,2,26,Cash,Claims,West
CLM000463,HCP0017,PRD007,2024-01-01,18,15,18,Cash,Claims,Midwest
CLM000464,HCP0017,PRD010,2024-02-01,23,12,40,Medicaid,Syndicated Rx,Midwest
CLM000465,HCP0017,PRD005,2024-03-01,40,6,11,Cash,Sample,Midwest
CLM000466,HCP0017,PRD010,2024-04-01,20,14,28,Medicaid,Sample,Midwest
CLM000467,HCP0017,PRD005,2024-05-01,44,14,28,Medicare,Claims,Midwest
CLM000468,HCP0017,PRD007,2024-07-01,36,11,22,Medicaid,Syndicated Rx,Midwest
CLM000469,HCP0017,PRD007,2024-08-01,4,0,20,Commercial,Syndicated Rx,Midwest
CLM000470,HCP0017,PRD005,2024-09-01,23,5,27,Medicare,Sample,Midwest
CLM000471,HCP0017,PRD003,2024-10-01,23,3,40,Commercial,Syndicated Rx,Midwest
CLM000472,HCP0017,PRD007,2024-11-01,49,12,38,Medicare,Sample,Midwest
CLM000473,HCP0017,PRD006,2024-12-01,35,5,29,Commercial,Syndicated Rx,Midwest
CLM000474,HCP0017,PRD005,2025-01-01,45,18,45,Medicaid,Sample,Midwest
CLM000475,HCP0017,PRD008,2025-02-01,9,5,28,Cash,Claims,Midwest
CLM000476,HCP0017,PRD003,2025-03-01,34,14,49,Commercial,Syndicated Rx,Midwest
CLM000477,HCP0017,PRD005,2025-04-01,16,12,31,Commercial,Sample,Midwest
CLM000478,HCP0017,PRD010,2025-07-01,18,15,17,Medicare,Claims,Midwest
CLM000479,HCP0017,PRD008,2025-10-01,9,0,26,Medicare,Syndicated Rx,Midwest
CLM000480,HCP0017,PRD004,2025-11-01,51,12,48,Cash,Claims,Midwest
CLM000481,HCP0017,PRD005,2025-12-01,29,10,46,Medicaid,Syndicated Rx,Midwest
CLM000482,HCP0017,PRD005,2026-01-01,16,11,29,Commercial,Sample,Midwest
CLM000483,HCP0017,PRD007,2026-03-01,22,4,8,Medicaid,Sample,Midwest
CLM000484,HCP0017,PRD009,2026-05-01,39,17,24,Medicaid,Claims,Midwest
CLM000485,HCP0022,PRD003,2024-01-01,43,18,58,Medicaid,Sample,Midwest
CLM000486,HCP0022,PRD001,2024-02-01,39,12,46,Medicare,Sample,Midwest
CLM000487,HCP0022,PRD001,2024-03-01,16,4,29,Medicaid,Syndicated Rx,Midwest
CLM000488,HCP0022,PRD003,2024-04-01,12,4,5,Commercial,Sample,Midwest
CLM000489,HCP0022,PRD008,2024-05-01,42,15,23,Commercial,Claims,Midwest
CLM000490,HCP0022,PRD005,2024-06-01,42,13,57,Cash,Sample,Midwest
CLM000491,HCP0022,PRD009,2024-07-01,43,16,51,Cash,Syndicated Rx,Midwest
CLM000492,HCP0022,PRD008,2024-08-01,32,5,43,Commercial,Sample,Midwest
CLM000493,HCP0022,PRD005,2024-09-01,39,7,24,Cash,Sample,Midwest
CLM000494,HCP0022,PRD009,2024-10-01,3,1,23,Cash,Sample,Midwest
CLM000495,HCP0022,PRD009,2024-11-01,48,18,62,Commercial,Claims,Midwest
CLM000496,HCP0022,PRD003,2024-12-01,33,16,45,Commercial,Sample,Midwest
CLM000497,HCP0022,PRD004,2025-02-01,55,15,62,Commercial,Sample,Midwest
CLM000498,HCP0022,PRD002,2025-03-01,37,18,57,Commercial,Syndicated Rx,Midwest
CLM000499,HCP0022,PRD007,2025-04-01,30,0,34,Cash,Sample,Midwest
CLM000500,HCP0022,PRD003,2025-05-01,35,13,31,Medicaid,Claims,Midwest
CLM000501,HCP0022,PRD008,2025-06-01,45,9,25,Commercial,Sample,Midwest
CLM000502,HCP0022,PRD009,2025-07-01,41,5,8,Medicaid,Sample,Midwest
CLM000503,HCP0022,PRD010,2025-08-01,40,9,14,Medicare,Sample,Midwest
CLM000504,HCP0022,PRD001,2025-09-01,24,8,16,Medicaid,Syndicated Rx,Midwest
CLM000505,HCP0022,PRD006,2025-11-01,41,3,16,Medicare,Sample,Midwest
CLM000506,HCP0022,PRD007,2025-12-01,21,5,20,Cash,Claims,Midwest
CLM000507,HCP0022,PRD007,2026-03-01,11,2,24,Medicare,Syndicated Rx,Midwest
CLM000508,HCP0022,PRD007,2026-05-01,27,12,40,Medicare,Claims,Midwest
CLM000509,HCP0032,PRD004,2024-01-01,14,11,31,Medicaid,Claims,Midwest
CLM000510,HCP0032,PRD002,2024-02-01,39,14,44,Medicaid,Syndicated Rx,Midwest
CLM000511,HCP0032,PRD003,2024-03-01,31,17,41,Cash,Syndicated Rx,Midwest
CLM000512,HCP0032,PRD001,2024-04-01,43,16,16,Medicaid,Syndicated Rx,Midwest
CLM000513,HCP0032,PRD008,2024-05-01,43,10,53,Commercial,Claims,Midwest
CLM000514,HCP0032,PRD001,2024-07-01,52,13,71,Medicaid,Syndicated Rx,Midwest
CLM000515,HCP0032,PRD002,2024-08-01,19,3,30,Cash,Sample,Midwest
CLM000516,HCP0032,PRD010,2024-09-01,30,18,39,Medicare,Syndicated Rx,Midwest
CLM000517,HCP0032,PRD004,2024-10-01,4,0,5,Cash,Claims,Midwest
CLM000518,HCP0032,PRD002,2024-11-01,36,14,28,Medicaid,Syndicated Rx,Midwest
CLM000519,HCP0032,PRD002,2024-12-01,39,0,10,Commercial,Sample,Midwest
CLM000520,HCP0032,PRD004,2025-01-01,44,6,46,Commercial,Sample,Midwest
CLM000521,HCP0032,PRD003,2025-03-01,28,4,47,Medicare,Claims,Midwest
CLM000522,HCP0032,PRD010,2025-04-01,26,8,37,Commercial,Sample,Midwest
CLM000523,HCP0032,PRD002,2025-05-01,35,8,52,Medicaid,Syndicated Rx,Midwest
CLM000524,HCP0032,PRD003,2025-06-01,19,2,8,Cash,Syndicated Rx,Midwest
CLM000525,HCP0032,PRD001,2025-07-01,17,1,21,Medicare,Syndicated Rx,Midwest
CLM000526,HCP0032,PRD009,2025-08-01,45,6,31,Medicare,Sample,Midwest
CLM000527,HCP0032,PRD005,2025-09-01,38,4,54,Cash,Claims,Midwest
CLM000528,HCP0032,PRD007,2025-10-01,31,3,50,Medicaid,Claims,Midwest
CLM000529,HCP0032,PRD005,2025-11-01,38,2,51,Medicaid,Syndicated Rx,Midwest
CLM000530,HCP0032,PRD004,2025-12-01,24,15,35,Commercial,Claims,Midwest
CLM000531,HCP0032,PRD005,2026-01-01,17,8,30,Medicaid,Syndicated Rx,Midwest
CLM000532,HCP0032,PRD005,2026-02-01,47,16,46,Cash,Syndicated Rx,Midwest
CLM000533,HCP0039,PRD009,2024-01-01,24,0,35,Commercial,Sample,South
CLM000534,HCP0039,PRD001,2024-02-01,32,11,30,Cash,Claims,South
CLM000535,HCP0039,PRD006,2024-03-01,25,2,39,Medicaid,Claims,South
CLM000536,HCP0039,PRD007,2024-06-01,17,6,8,Cash,Sample,South
CLM000537,HCP0039,PRD009,2024-07-01,18,12,32,Medicaid,Syndicated Rx,South
CLM000538,HCP0039,PRD004,2024-08-01,26,14,22,Commercial,Claims,South
CLM000539,HCP0039,PRD004,2024-09-01,33,18,49,Cash,Claims,South
CLM000540,HCP0039,PRD003,2024-11-01,49,15,68,Cash,Claims,South
CLM000541,HCP0039,PRD006,2024-12-01,22,1,7,Cash,Claims,South
CLM000542,HCP0039,PRD003,2025-01-01,45,16,59,Medicare,Sample,South
CLM000543,HCP0039,PRD002,2025-02-01,4,2,9,Cash,Sample,South
CLM000544,HCP0039,PRD001,2025-03-01,16,1,13,Commercial,Claims,South
CLM000545,HCP0039,PRD003,2025-04-01,15,9,23,Medicare,Sample,South
CLM000546,HCP0039,PRD006,2025-05-01,10,3,20,Medicare,Claims,South
CLM000547,HCP0039,PRD008,2025-07-01,32,12,19,Medicare,Syndicated Rx,South
CLM000548,HCP0039,PRD003,2025-11-01,14,10,13,Medicaid,Claims,South
CLM000549,HCP0039,PRD002,2026-01-01,46,11,21,Cash,Claims,South
CLM000550,HCP0039,PRD009,2026-03-01,43,3,44,Cash,Claims,South
CLM000551,HCP0039,PRD007,2026-04-01,20,15,15,Commercial,Claims,South
CLM000552,HCP0025,PRD005,2024-01-01,36,18,44,Cash,Sample,Midwest
CLM000553,HCP0025,PRD006,2024-02-01,44,4,22,Cash,Syndicated Rx,Midwest
CLM000554,HCP0025,PRD002,2024-03-01,44,5,49,Commercial,Sample,Midwest
CLM000555,HCP0025,PRD002,2024-04-01,54,15,20,Medicaid,Syndicated Rx,Midwest
CLM000556,HCP0025,PRD003,2024-05-01,32,17,29,Commercial,Sample,Midwest
CLM000557,HCP0025,PRD008,2024-07-01,49,17,31,Cash,Sample,Midwest
CLM000558,HCP0025,PRD003,2024-08-01,11,8,14,Commercial,Claims,Midwest
CLM000559,HCP0025,PRD010,2024-09-01,46,15,26,Medicare,Sample,Midwest
CLM000560,HCP0025,PRD004,2024-11-01,29,11,24,Cash,Syndicated Rx,Midwest
CLM000561,HCP0025,PRD003,2024-12-01,16,14,17,Commercial,Sample,Midwest
CLM000562,HCP0025,PRD003,2025-01-01,31,0,37,Commercial,Claims,Midwest
CLM000563,HCP0025,PRD001,2025-03-01,55,18,38,Cash,Claims,Midwest
CLM000564,HCP0025,PRD004,2025-04-01,24,10,17,Medicaid,Claims,Midwest
CLM000565,HCP0025,PRD010,2025-05-01,25,13,37,Medicare,Claims,Midwest
CLM000566,HCP0025,PRD002,2025-06-01,18,15,28,Medicare,Claims,Midwest
CLM000567,HCP0025,PRD003,2025-08-01,35,12,20,Cash,Sample,Midwest
CLM000568,HCP0025,PRD004,2025-09-01,28,11,23,Medicaid,Claims,Midwest
CLM000569,HCP0025,PRD003,2025-10-01,21,18,26,Medicare,Claims,Midwest
CLM000570,HCP0025,PRD009,2025-12-01,26,5,19,Medicaid,Sample,Midwest
CLM000571,HCP0025,PRD004,2026-01-01,41,5,40,Medicare,Claims,Midwest
CLM000572,HCP0025,PRD003,2026-02-01,47,16,29,Cash,Syndicated Rx,Midwest
CLM000573,HCP0025,PRD008,2026-03-01,28,13,28,Medicaid,Syndicated Rx,Midwest
CLM000574,HCP0025,PRD010,2026-04-01,27,18,47,Commercial,Syndicated Rx,Midwest
CLM000575,HCP0006,PRD003,2024-01-01,47,15,17,Cash,Sample,Southeast
CLM000576,HCP0006,PRD008,2024-02-01,31,3,36,Medicare,Claims,Southeast
CLM000577,HCP0006,PRD010,2024-03-01,26,0,18,Medicare,Syndicated Rx,Southeast
CLM000578,HCP0006,PRD007,2024-04-01,3,2,20,Medicaid,Claims,Southeast
CLM000579,HCP0006,PRD003,2024-05-01,55,18,19,Cash,Syndicated Rx,Southeast
CLM000580,HCP0006,PRD004,2024-08-01,51,11,40,Commercial,Sample,Southeast
CLM000581,HCP0006,PRD009,2024-09-01,43,10,12,Medicaid,Syndicated Rx,Southeast
CLM000582,HCP0006,PRD010,2024-11-01,53,17,67,Medicare,Sample,Southeast
CLM000583,HCP0006,PRD007,2024-12-01,13,10,26,Medicaid,Claims,Southeast
CLM000584,HCP0006,PRD004,2025-01-01,40,11,50,Commercial,Syndicated Rx,Southeast
CLM000585,HCP0006,PRD004,2025-02-01,21,17,34,Medicare,Claims,Southeast
CLM000586,HCP0006,PRD005,2025-04-01,33,3,52,Medicare,Sample,Southeast
CLM000587,HCP0006,PRD006,2025-06-01,40,8,51,Cash,Syndicated Rx,Southeast
CLM000588,HCP0006,PRD006,2025-07-01,33,11,39,Cash,Sample,Southeast
CLM000589,HCP0006,PRD002,2025-08-01,33,3,50,Medicaid,Syndicated Rx,Southeast
CLM000590,HCP0006,PRD001,2025-09-01,14,2,33,Cash,Claims,Southeast
CLM000591,HCP0006,PRD004,2025-10-01,23,5,9,Commercial,Claims,Southeast
CLM000592,HCP0006,PRD004,2025-11-01,35,4,14,Medicare,Sample,Southeast
CLM000593,HCP0006,PRD003,2026-01-01,47,13,21,Cash,Syndicated Rx,Southeast
CLM000594,HCP0006,PRD009,2026-02-01,18,0,17,Commercial,Claims,Southeast
CLM000595,HCP0006,PRD001,2026-04-01,37,16,42,Medicaid,Sample,Southeast
CLM000596,HCP0006,PRD005,2026-05-01,41,10,47,Cash,Syndicated Rx,Southeast
CLM000597,HCP0013,PRD005,2024-01-01,23,4,15,Medicaid,Claims,Midwest
CLM000598,HCP0013,PRD007,2024-02-01,12,9,13,Medicaid,Syndicated Rx,Midwest
CLM000599,HCP0013,PRD009,2024-03-01,44,5,64,Medicare,Sample,Midwest
CLM000600,HCP0013,PRD002,2024-04-01,16,5,14,Medicare,Claims,Midwest
CLM000601,HCP0013,PRD005,2024-05-01,46,10,18,Cash,Syndicated Rx,Midwest
CLM000602,HCP0013,PRD010,2024-06-01,41,6,51,Commercial,Sample,Midwest
CLM000603,HCP0013,PRD007,2024-07-01,20,11,22,Cash,Sample,Midwest
CLM000604,HCP0013,PRD006,2024-09-01,4,3,17,Cash,Claims,Midwest
CLM000605,HCP0013,PRD006,2024-12-01,49,17,38,Medicaid,Syndicated Rx,Midwest
CLM000606,HCP0013,PRD006,2025-05-01,46,18,39,Commercial,Sample,Midwest
CLM000607,HCP0013,PRD004,2025-06-01,9,1,26,Commercial,Syndicated Rx,Midwest
CLM000608,HCP0013,PRD003,2025-07-01,35,7,29,Commercial,Syndicated Rx,Midwest
CLM000609,HCP0013,PRD003,2025-08-01,43,6,39,Medicare,Syndicated Rx,Midwest
CLM000610,HCP0013,PRD005,2025-09-01,36,2,33,Commercial,Sample,Midwest
CLM000611,HCP0013,PRD010,2025-10-01,35,15,53,Commercial,Sample,Midwest
CLM000612,HCP0013,PRD008,2025-11-01,31,4,28,Cash,Syndicated Rx,Midwest
CLM000613,HCP0013,PRD008,2025-12-01,33,11,30,Cash,Sample,Midwest
CLM000614,HCP0013,PRD006,2026-01-01,40,14,42,Medicaid,Claims,Midwest
CLM000615,HCP0013,PRD006,2026-04-01,21,13,39,Commercial,Claims,Midwest
CLM000616,HCP0013,PRD002,2026-05-01,48,15,36,Commercial,Sample,Midwest
CLM000617,HCP0046,PRD005,2024-02-01,53,13,71,Medicaid,Syndicated Rx,West
CLM000618,HCP0046,PRD002,2024-03-01,50,14,62,Medicare,Claims,West
CLM000619,HCP0046,PRD001,2024-04-01,30,12,47,Cash,Claims,West
CLM000620,HCP0046,PRD002,2024-06-01,37,18,49,Cash,Claims,West
CLM000621,HCP0046,PRD001,2024-07-01,9,0,13,Medicaid,Sample,West
CLM000622,HCP0046,PRD010,2024-09-01,35,9,20,Cash,Sample,West
CLM000623,HCP0046,PRD004,2024-10-01,7,0,13,Cash,Claims,West
CLM000624,HCP0046,PRD003,2024-11-01,48,11,41,Cash,Syndicated Rx,West
CLM000625,HCP0046,PRD002,2024-12-01,22,15,26,Commercial,Syndicated Rx,West
CLM000626,HCP0046,PRD007,2025-01-01,10,1,15,Cash,Sample,West
CLM000627,HCP0046,PRD010,2025-02-01,8,5,13,Medicaid,Syndicated Rx,West
CLM000628,HCP0046,PRD008,2025-03-01,14,11,20,Medicaid,Sample,West
CLM000629,HCP0046,PRD008,2025-04-01,34,2,17,Medicare,Claims,West
CLM000630,HCP0046,PRD004,2025-05-01,39,5,25,Medicaid,Sample,West
CLM000631,HCP0046,PRD008,2025-07-01,17,11,28,Medicaid,Claims,West
CLM000632,HCP0046,PRD001,2025-08-01,34,16,39,Cash,Syndicated Rx,West
CLM000633,HCP0046,PRD009,2025-09-01,11,5,11,Medicare,Sample,West
CLM000634,HCP0046,PRD002,2025-10-01,41,6,45,Commercial,Syndicated Rx,West
CLM000635,HCP0046,PRD005,2025-11-01,9,2,9,Commercial,Syndicated Rx,West
CLM000636,HCP0046,PRD001,2025-12-01,19,11,37,Cash,Sample,West
CLM000637,HCP0046,PRD005,2026-01-01,21,10,29,Commercial,Sample,West
CLM000638,HCP0046,PRD008,2026-03-01,18,4,24,Medicare,Claims,West
CLM000639,HCP0046,PRD008,2026-04-01,29,2,49,Commercial,Claims,West
CLM000640,HCP0046,PRD010,2026-05-01,42,15,17,Medicare,Claims,West
CLM000641,HCP0007,PRD006,2024-01-01,53,16,19,Cash,Claims,Southeast
CLM000642,HCP0007,PRD008,2024-03-01,9,9,12,Commercial,Sample,Southeast
CLM000643,HCP0007,PRD010,2024-04-01,17,6,28,Commercial,Claims,Southeast
CLM000644,HCP0007,PRD007,2024-05-01,45,8,30,Medicaid,Claims,Southeast
CLM000645,HCP0007,PRD002,2024-08-01,52,16,20,Commercial,Sample,Southeast
CLM000646,HCP0007,PRD001,2024-10-01,24,6,16,Commercial,Sample,Southeast
CLM000647,HCP0007,PRD001,2024-11-01,38,6,51,Cash,Syndicated Rx,Southeast
CLM000648,HCP0007,PRD004,2024-12-01,33,5,48,Commercial,Claims,Southeast
CLM000649,HCP0007,PRD001,2025-03-01,30,16,42,Commercial,Syndicated Rx,Southeast
CLM000650,HCP0007,PRD010,2025-04-01,36,3,13,Cash,Syndicated Rx,Southeast
CLM000651,HCP0007,PRD008,2025-05-01,19,17,19,Medicaid,Syndicated Rx,Southeast
CLM000652,HCP0007,PRD010,2025-06-01,38,9,47,Medicaid,Sample,Southeast
CLM000653,HCP0007,PRD006,2025-08-01,43,17,35,Cash,Claims,Southeast
CLM000654,HCP0007,PRD009,2026-01-01,31,0,48,Commercial,Syndicated Rx,Southeast
CLM000655,HCP0007,PRD009,2026-02-01,9,2,9,Cash,Syndicated Rx,Southeast
CLM000656,HCP0007,PRD002,2026-03-01,13,3,7,Medicaid,Claims,Southeast
CLM000657,HCP0007,PRD001,2026-04-01,19,12,19,Cash,Sample,Southeast
CLM000658,HCP0007,PRD005,2026-05-01,55,18,35,Cash,Syndicated Rx,Southeast
CLM000659,HCP0038,PRD002,2024-01-01,43,12,44,Medicaid,Claims,Southeast
CLM000660,HCP0038,PRD008,2024-03-01,39,8,39,Medicare,Sample,Southeast
CLM000661,HCP0038,PRD003,2024-05-01,5,1,20,Commercial,Claims,Southeast
CLM000662,HCP0038,PRD008,2024-06-01,19,10,19,Commercial,Claims,Southeast
CLM000663,HCP0038,PRD009,2024-07-01,47,16,66,Cash,Claims,Southeast
CLM000664,HCP0038,PRD001,2024-08-01,46,15,47,Medicaid,Sample,Southeast
CLM000665,HCP0038,PRD006,2024-09-01,51,17,18,Commercial,Syndicated Rx,Southeast
CLM000666,HCP0038,PRD010,2024-11-01,34,14,38,Cash,Syndicated Rx,Southeast
CLM000667,HCP0038,PRD001,2024-12-01,40,5,47,Medicaid,Sample,Southeast
CLM000668,HCP0038,PRD003,2025-01-01,21,13,22,Cash,Syndicated Rx,Southeast
CLM000669,HCP0038,PRD001,2025-03-01,50,15,58,Cash,Syndicated Rx,Southeast
CLM000670,HCP0038,PRD004,2025-04-01,37,5,8,Cash,Syndicated Rx,Southeast
CLM000671,HCP0038,PRD001,2025-05-01,51,12,55,Medicaid,Syndicated Rx,Southeast
CLM000672,HCP0038,PRD002,2025-06-01,37,0,7,Medicare,Syndicated Rx,Southeast
CLM000673,HCP0038,PRD010,2025-07-01,19,18,38,Medicaid,Syndicated Rx,Southeast
CLM000674,HCP0038,PRD009,2025-08-01,33,11,37,Medicaid,Claims,Southeast
CLM000675,HCP0038,PRD003,2025-09-01,22,7,26,Commercial,Sample,Southeast
CLM000676,HCP0038,PRD004,2025-10-01,16,9,19,Medicare,Claims,Southeast
CLM000677,HCP0038,PRD008,2025-11-01,30,1,47,Cash,Sample,Southeast
CLM000678,HCP0038,PRD010,2025-12-01,30,13,14,Cash,Sample,Southeast
CLM000679,HCP0038,PRD010,2026-01-01,34,10,46,Cash,Syndicated Rx,Southeast
CLM000680,HCP0038,PRD010,2026-02-01,21,15,37,Medicare,Syndicated Rx,Southeast
CLM000681,HCP0038,PRD008,2026-03-01,20,10,29,Medicaid,Syndicated Rx,Southeast
CLM000682,HCP0038,PRD008,2026-05-01,36,2,18,Medicaid,Syndicated Rx,Southeast
CLM000683,HCP0041,PRD001,2024-01-01,43,18,32,Commercial,Sample,Midwest
CLM000684,HCP0041,PRD007,2024-03-01,27,10,14,Cash,Syndicated Rx,Midwest
CLM000685,HCP0041,PRD008,2024-04-01,21,2,37,Medicaid,Syndicated Rx,Midwest
CLM000686,HCP0041,PRD008,2024-05-01,22,10,36,Cash,Syndicated Rx,Midwest
CLM000687,HCP0041,PRD002,2024-06-01,49,14,25,Commercial,Sample,Midwest
CLM000688,HCP0041,PRD003,2024-07-01,41,5,36,Medicare,Sample,Midwest
CLM000689,HCP0041,PRD008,2024-09-01,31,14,48,Cash,Sample,Midwest
CLM000690,HCP0041,PRD008,2024-10-01,34,1,17,Medicaid,Syndicated Rx,Midwest
CLM000691,HCP0041,PRD001,2024-11-01,23,4,32,Cash,Syndicated Rx,Midwest
CLM000692,HCP0041,PRD003,2025-02-01,30,13,31,Medicare,Syndicated Rx,Midwest
CLM000693,HCP0041,PRD002,2025-03-01,32,7,22,Commercial,Claims,Midwest
CLM000694,HCP0041,PRD008,2025-04-01,26,7,36,Cash,Sample,Midwest
CLM000695,HCP0041,PRD010,2025-06-01,13,1,10,Medicaid,Claims,Midwest
CLM000696,HCP0041,PRD009,2025-07-01,43,8,19,Commercial,Sample,Midwest
CLM000697,HCP0041,PRD004,2025-08-01,3,0,7,Medicaid,Sample,Midwest
CLM000698,HCP0041,PRD005,2025-09-01,28,2,28,Commercial,Syndicated Rx,Midwest
CLM000699,HCP0041,PRD006,2025-11-01,19,4,12,Commercial,Sample,Midwest
CLM000700,HCP0041,PRD010,2025-12-01,51,18,34,Cash,Claims,Midwest
CLM000701,HCP0041,PRD005,2026-01-01,23,3,26,Cash,Sample,Midwest
CLM000702,HCP0041,PRD006,2026-02-01,26,13,22,Commercial,Claims,Midwest
CLM000703,HCP0041,PRD007,2026-03-01,36,8,34,Medicaid,Sample,Midwest
CLM000704,HCP0041,PRD005,2026-04-01,40,17,24,Medicaid,Sample,Midwest
CLM000705,HCP0041,PRD009,2026-05-01,24,7,16,Medicaid,Syndicated Rx,Midwest
CLM000706,HCP0012,PRD003,2024-01-01,10,9,29,Commercial,Sample,Northeast
CLM000707,HCP0012,PRD009,2024-02-01,16,1,21,Cash,Syndicated Rx,Northeast
CLM000708,HCP0012,PRD001,2024-03-01,18,11,28,Medicare,Syndicated Rx,Northeast
CLM000709,HCP0012,PRD008,2024-04-01,28,12,31,Commercial,Claims,Northeast
CLM000710,HCP0012,PRD006,2024-05-01,33,5,45,Medicaid,Sample,Northeast
CLM000711,HCP0012,PRD006,2024-06-01,18,1,10,Cash,Syndicated Rx,Northeast
CLM000712,HCP0012,PRD004,2024-07-01,37,10,16,Medicare,Sample,Northeast
CLM000713,HCP0012,PRD002,2024-08-01,24,2,31,Medicaid,Syndicated Rx,Northeast
CLM000714,HCP0012,PRD005,2024-09-01,12,1,25,Cash,Sample,Northeast
CLM000715,HCP0012,PRD003,2024-10-01,24,12,31,Medicaid,Sample,Northeast
CLM000716,HCP0012,PRD008,2024-11-01,20,5,38,Medicare,Sample,Northeast
CLM000717,HCP0012,PRD004,2024-12-01,38,10,40,Medicare,Syndicated Rx,Northeast
CLM000718,HCP0012,PRD002,2025-01-01,38,18,36,Medicare,Claims,Northeast
CLM000719,HCP0012,PRD009,2025-02-01,30,5,29,Medicare,Claims,Northeast
CLM000720,HCP0012,PRD001,2025-05-01,12,7,21,Medicare,Syndicated Rx,Northeast
CLM000721,HCP0012,PRD002,2025-06-01,8,5,17,Cash,Sample,Northeast
CLM000722,HCP0012,PRD005,2025-07-01,25,2,15,Commercial,Claims,Northeast
CLM000723,HCP0012,PRD010,2025-08-01,42,13,56,Cash,Claims,Northeast
CLM000724,HCP0012,PRD007,2025-09-01,18,6,23,Medicaid,Sample,Northeast
CLM000725,HCP0012,PRD005,2025-10-01,31,4,18,Medicare,Syndicated Rx,Northeast
CLM000726,HCP0012,PRD003,2025-11-01,32,6,17,Cash,Claims,Northeast
CLM000727,HCP0012,PRD010,2025-12-01,23,8,36,Medicare,Syndicated Rx,Northeast
CLM000728,HCP0012,PRD009,2026-01-01,19,14,14,Cash,Claims,Northeast
CLM000729,HCP0012,PRD005,2026-04-01,30,6,33,Medicaid,Claims,Northeast
CLM000730,HCP0012,PRD003,2026-05-01,4,1,15,Medicare,Syndicated Rx,Northeast
CLM000731,HCP0001,PRD001,2024-05-01,1,1,13,Cash,Syndicated Rx,South
CLM000732,HCP0001,PRD008,2024-07-01,39,4,7,Medicare,Syndicated Rx,South
CLM000733,HCP0001,PRD009,2024-08-01,36,15,44,Medicare,Claims,South
CLM000734,HCP0001,PRD008,2024-09-01,43,16,25,Medicaid,Claims,South
CLM000735,HCP0001,PRD005,2024-10-01,35,4,22,Medicaid,Syndicated Rx,South
CLM000736,HCP0001,PRD003,2024-11-01,47,8,61,Medicaid,Sample,South
CLM000737,HCP0001,PRD004,2024-12-01,25,5,36,Medicare,Sample,South
CLM000738,HCP0001,PRD006,2025-02-01,17,14,20,Medicare,Claims,South
CLM000739,HCP0001,PRD003,2025-03-01,31,1,21,Medicare,Sample,South
CLM000740,HCP0001,PRD010,2025-04-01,34,3,7,Cash,Syndicated Rx,South
CLM000741,HCP0001,PRD003,2025-06-01,45,14,21,Medicare,Claims,South
CLM000742,HCP0001,PRD002,2025-07-01,24,6,17,Medicare,Sample,South
CLM000743,HCP0001,PRD001,2025-08-01,44,8,50,Medicare,Sample,South
CLM000744,HCP0001,PRD007,2025-10-01,29,18,44,Commercial,Claims,South
CLM000745,HCP0001,PRD010,2025-12-01,11,10,19,Commercial,Syndicated Rx,South
CLM000746,HCP0001,PRD006,2026-01-01,23,3,14,Commercial,Claims,South
CLM000747,HCP0001,PRD005,2026-02-01,44,15,55,Medicaid,Sample,South
CLM000748,HCP0001,PRD005,2026-03-01,12,10,30,Cash,Syndicated Rx,South
CLM000749,HCP0008,PRD009,2024-03-01,19,1,25,Commercial,Sample,West
CLM000750,HCP0008,PRD009,2024-04-01,17,12,24,Medicaid,Claims,West
CLM000751,HCP0008,PRD007,2024-05-01,17,12,12,Medicare,Claims,West
CLM000752,HCP0008,PRD001,2024-06-01,30,12,21,Commercial,Syndicated Rx,West
CLM000753,HCP0008,PRD009,2024-07-01,32,13,51,Medicare,Syndicated Rx,West
CLM000754,HCP0008,PRD008,2024-08-01,43,11,23,Cash,Syndicated Rx,West
CLM000755,HCP0008,PRD009,2024-10-01,56,18,45,Commercial,Syndicated Rx,West
CLM000756,HCP0008,PRD005,2024-12-01,53,13,40,Commercial,Claims,West
CLM000757,HCP0008,PRD010,2025-01-01,28,14,23,Cash,Sample,West
CLM000758,HCP0008,PRD004,2025-02-01,21,16,25,Cash,Syndicated Rx,West
CLM000759,HCP0008,PRD010,2025-03-01,34,15,24,Medicare,Sample,West
CLM000760,HCP0008,PRD009,2025-06-01,45,9,12,Commercial,Claims,West
CLM000761,HCP0008,PRD009,2025-07-01,43,16,42,Commercial,Syndicated Rx,West
CLM000762,HCP0008,PRD009,2025-08-01,34,18,40,Medicaid,Sample,West
CLM000763,HCP0008,PRD002,2025-09-01,17,16,19,Cash,Claims,West
CLM000764,HCP0008,PRD010,2025-12-01,32,13,33,Cash,Sample,West
CLM000765,HCP0008,PRD010,2026-01-01,29,8,19,Medicare,Claims,West
CLM000766,HCP0008,PRD004,2026-02-01,14,8,21,Commercial,Claims,West
CLM000767,HCP0008,PRD006,2026-03-01,10,0,25,Cash,Syndicated Rx,West
CLM000768,HCP0008,PRD004,2026-04-01,34,15,54,Medicaid,Sample,West
CLM000769,HCP0008,PRD007,2026-05-01,31,12,17,Medicare,Claims,West
