quota_id,rep_id,territory,region,report_month,therapy_area,call_quota,sample_quota,target_hcp_visits,target_conversion_rate,manager_review_flag,source_system
QTA00001,REP001,T01,Northeast,2024-01-01,Oncology,43,5,32,0.116,0,Synthetic Sales Ops
QTA00002,REP001,T01,Northeast,2024-02-01,Oncology,56,13,42,0.118,0,Synthetic Sales Ops
QTA00003,REP001,T01,Northeast,2024-03-01,Oncology,40,8,30,0.094,0,Synthetic Sales Ops
QTA00004,REP001,T01,Northeast,2024-04-01,Oncology,46,7,34,0.131,1,Synthetic Sales Ops
QTA00005,REP001,T01,Northeast,2024-05-01,Oncology,48,5,36,0.077,0,Synthetic Sales Ops
QTA00006,REP001,T01,Northeast,2024-06-01,Oncology,48,11,36,0.113,0,Synthetic Sales Ops
QTA00007,REP001,T01,Northeast,2024-07-01,Oncology,47,5,35,0.091,0,Synthetic Sales Ops
QTA00008,REP001,T01,Northeast,2024-08-01,Oncology,57,6,42,0.127,0,Synthetic Sales Ops
QTA00009,REP001,T01,Northeast,2024-09-01,Oncology,52,8,39,0.107,0,Synthetic Sales Ops
QTA00010,REP001,T01,Northeast,2024-10-01,Oncology,46,8,34,0.101,0,Synthetic Sales Ops
QTA00011,REP001,T01,Northeast,2024-11-01,Oncology,43,8,32,0.142,1,Synthetic Sales Ops
QTA00012,REP001,T01,Northeast,2024-12-01,Oncology,48,8,36,0.136,1,Synthetic Sales Ops
QTA00013,REP001,T01,Northeast,2025-01-01,Oncology,47,10,35,0.119,1,Synthetic Sales Ops
QTA00014,REP001,T01,Northeast,2025-02-01,Oncology,49,5,36,0.083,0,Synthetic Sales Ops
QTA00015,REP001,T01,Northeast,2025-03-01,Oncology,55,7,41,0.102,0,Synthetic Sales Ops
QTA00016,REP001,T01,Northeast,2025-04-01,Oncology,44,6,33,0.123,1,Synthetic Sales Ops
QTA00017,REP001,T01,Northeast,2025-05-01,Oncology,48,7,36,0.117,0,Synthetic Sales Ops
QTA00018,REP001,T01,Northeast,2025-06-01,Oncology,49,9,36,0.069,0,Synthetic Sales Ops
QTA00019,REP001,T01,Northeast,2025-07-01,Oncology,45,5,33,0.092,1,Synthetic Sales Ops
QTA00020,REP001,T01,Northeast,2025-08-01,Oncology,52,5,39,0.111,0,Synthetic Sales Ops
QTA00021,REP001,T01,Northeast,2025-09-01,Oncology,50,7,37,0.103,0,Synthetic Sales Ops
QTA00022,REP001,T01,Northeast,2025-10-01,Oncology,51,10,38,0.107,1,Synthetic Sales Ops
QTA00023,REP001,T01,Northeast,2025-11-01,Oncology,48,8,36,0.114,0,Synthetic Sales Ops
QTA00024,REP001,T01,Northeast,2025-12-01,Oncology,49,8,36,0.16,0,Synthetic Sales Ops
QTA00025,REP002,T02,Midwest,2024-01-01,Cardiology,38,7,28,0.081,1,Synthetic Sales Ops
QTA00026,REP002,T02,Midwest,2024-02-01,Cardiology,43,10,32,0.095,1,Synthetic Sales Ops
QTA00027,REP002,T02,Midwest,2024-03-01,Cardiology,33,7,24,0.089,1,Synthetic Sales Ops
QTA00028,REP002,T02,Midwest,2024-04-01,Cardiology,50,6,37,0.092,0,Synthetic Sales Ops
QTA00029,REP002,T02,Midwest,2024-05-01,Cardiology,34,5,25,0.153,0,Synthetic Sales Ops
QTA00030,REP002,T02,Midwest,2024-06-01,Cardiology,37,11,27,0.168,0,Synthetic Sales Ops
QTA00031,REP002,T02,Midwest,2024-07-01,Cardiology,40,8,30,0.145,0,Synthetic Sales Ops
QTA00032,REP002,T02,Midwest,2024-08-01,Cardiology,41,9,30,0.119,0,Synthetic Sales Ops
QTA00033,REP002,T02,Midwest,2024-09-01,Cardiology,41,5,30,0.105,0,Synthetic Sales Ops
QTA00034,REP002,T02,Midwest,2024-10-01,Cardiology,42,6,31,0.119,0,Synthetic Sales Ops
QTA00035,REP002,T02,Midwest,2024-11-01,Cardiology,42,8,31,0.111,1,Synthetic Sales Ops
QTA00036,REP002,T02,Midwest,2024-12-01,Cardiology,39,8,29,0.108,0,Synthetic Sales Ops
QTA00037,REP002,T02,Midwest,2025-01-01,Cardiology,48,8,36,0.095,0,Synthetic Sales Ops
QTA00038,REP002,T02,Midwest,2025-02-01,Cardiology,43,5,32,0.134,0,Synthetic Sales Ops
QTA00039,REP002,T02,Midwest,2025-03-01,Cardiology,43,4,32,0.129,1,Synthetic Sales Ops
QTA00040,REP002,T02,Midwest,2025-04-01,Cardiology,37,7,27,0.115,0,Synthetic Sales Ops
QTA00041,REP002,T02,Midwest,2025-05-01,Cardiology,40,7,30,0.105,0,Synthetic Sales Ops
QTA00042,REP002,T02,Midwest,2025-06-01,Cardiology,47,3,35,0.105,0,Synthetic Sales Ops
QTA00043,REP002,T02,Midwest,2025-07-01,Cardiology,43,7,32,0.075,0,Synthetic Sales Ops
QTA00044,REP002,T02,Midwest,2025-08-01,Cardiology,48,4,36,0.127,0,Synthetic Sales Ops
QTA00045,REP002,T02,Midwest,2025-09-01,Cardiology,41,5,30,0.103,1,Synthetic Sales Ops
QTA00046,REP002,T02,Midwest,2025-10-01,Cardiology,44,11,33,0.134,0,Synthetic Sales Ops
QTA00047,REP002,T02,Midwest,2025-11-01,Cardiology,48,8,36,0.127,0,Synthetic Sales Ops
QTA00048,REP002,T02,Midwest,2025-12-01,Cardiology,42,6,31,0.13,0,Synthetic Sales Ops
QTA00049,REP003,T04,South,2024-01-01,Immunology,56,10,42,0.125,1,Synthetic Sales Ops
QTA00050,REP003,T04,South,2024-02-01,Immunology,59,4,44,0.109,1,Synthetic Sales Ops
QTA00051,REP003,T04,South,2024-03-01,Immunology,54,11,40,0.123,1,Synthetic Sales Ops
QTA00052,REP003,T04,South,2024-04-01,Immunology,52,8,39,0.086,0,Synthetic Sales Ops
QTA00053,REP003,T04,South,2024-05-01,Immunology,58,10,43,0.122,0,Synthetic Sales Ops
QTA00054,REP003,T04,South,2024-06-01,Immunology,58,8,43,0.118,0,Synthetic Sales Ops
QTA00055,REP003,T04,South,2024-07-01,Immunology,48,6,36,0.122,0,Synthetic Sales Ops
QTA00056,REP003,T04,South,2024-08-01,Immunology,62,8,46,0.127,1,Synthetic Sales Ops
QTA00057,REP003,T04,South,2024-09-01,Immunology,60,10,45,0.115,1,Synthetic Sales Ops
QTA00058,REP003,T04,South,2024-10-01,Immunology,58,6,43,0.107,0,Synthetic Sales Ops
QTA00059,REP003,T04,South,2024-11-01,Immunology,58,9,43,0.089,0,Synthetic Sales Ops
QTA00060,REP003,T04,South,2024-12-01,Immunology,62,6,46,0.094,1,Synthetic Sales Ops
QTA00061,REP003,T04,South,2025-01-01,Immunology,60,8,45,0.137,1,Synthetic Sales Ops
QTA00062,REP003,T04,South,2025-02-01,Immunology,60,9,45,0.157,0,Synthetic Sales Ops
QTA00063,REP003,T04,South,2025-03-01,Immunology,48,11,36,0.101,0,Synthetic Sales Ops
QTA00064,REP003,T04,South,2025-04-01,Immunology,62,4,46,0.085,0,Synthetic Sales Ops
QTA00065,REP003,T04,South,2025-05-01,Immunology,53,8,39,0.12,1,Synthetic Sales Ops
QTA00066,REP003,T04,South,2025-06-01,Immunology,51,3,38,0.111,0,Synthetic Sales Ops
QTA00067,REP003,T04,South,2025-07-01,Immunology,58,9,43,0.113,0,Synthetic Sales Ops
QTA00068,REP003,T04,South,2025-08-01,Immunology,57,9,42,0.096,0,Synthetic Sales Ops
QTA00069,REP003,T04,South,2025-09-01,Immunology,57,9,42,0.102,0,Synthetic Sales Ops
QTA00070,REP003,T04,South,2025-10-01,Immunology,55,7,41,0.127,0,Synthetic Sales Ops
QTA00071,REP003,T04,South,2025-11-01,Immunology,51,5,38,0.063,0,Synthetic Sales Ops
QTA00072,REP003,T04,South,2025-12-01,Immunology,59,7,44,0.114,0,Synthetic Sales Ops
QTA00073,REP004,T06,West,2024-01-01,Oncology,65,7,48,0.137,0,Synthetic Sales Ops
QTA00074,REP004,T06,West,2024-02-01,Oncology,56,6,42,0.08,0,Synthetic Sales Ops
QTA00075,REP004,T06,West,2024-03-01,Oncology,58,9,43,0.144,0,Synthetic Sales Ops
QTA00076,REP004,T06,West,2024-04-01,Oncology,61,5,45,0.119,1,Synthetic Sales Ops
QTA00077,REP004,T06,West,2024-05-01,Oncology,52,9,39,0.098,0,Synthetic Sales Ops
QTA00078,REP004,T06,West,2024-06-01,Oncology,55,6,41,0.119,0,Synthetic Sales Ops
QTA00079,REP004,T06,West,2024-07-01,Oncology,61,8,45,0.136,0,Synthetic Sales Ops
QTA00080,REP004,T06,West,2024-08-01,Oncology,54,10,40,0.103,1,Synthetic Sales Ops
QTA00081,REP004,T06,West,2024-09-01,Oncology,61,7,45,0.117,0,Synthetic Sales Ops
QTA00082,REP004,T06,West,2024-10-01,Oncology,68,8,51,0.113,0,Synthetic Sales Ops
QTA00083,REP004,T06,West,2024-11-01,Oncology,56,8,42,0.109,0,Synthetic Sales Ops
QTA00084,REP004,T06,West,2024-12-01,Oncology,56,4,42,0.069,0,Synthetic Sales Ops
QTA00085,REP004,T06,West,2025-01-01,Oncology,58,7,43,0.149,0,Synthetic Sales Ops
QTA00086,REP004,T06,West,2025-02-01,Oncology,56,8,42,0.102,0,Synthetic Sales Ops
QTA00087,REP004,T06,West,2025-03-01,Oncology,60,9,45,0.103,0,Synthetic Sales Ops
QTA00088,REP004,T06,West,2025-04-01,Oncology,55,8,41,0.162,0,Synthetic Sales Ops
QTA00089,REP004,T06,West,2025-05-01,Oncology,65,8,48,0.122,0,Synthetic Sales Ops
QTA00090,REP004,T06,West,2025-06-01,Oncology,59,6,44,0.119,1,Synthetic Sales Ops
QTA00091,REP004,T06,West,2025-07-01,Oncology,62,10,46,0.117,0,Synthetic Sales Ops
QTA00092,REP004,T06,West,2025-08-01,Oncology,61,7,45,0.129,1,Synthetic Sales Ops
QTA00093,REP004,T06,West,2025-09-01,Oncology,58,4,43,0.08,0,Synthetic Sales Ops
QTA00094,REP004,T06,West,2025-10-01,Oncology,63,6,47,0.08,0,Synthetic Sales Ops
QTA00095,REP004,T06,West,2025-11-01,Oncology,57,12,42,0.119,0,Synthetic Sales Ops
QTA00096,REP004,T06,West,2025-12-01,Oncology,61,4,45,0.104,0,Synthetic Sales Ops
QTA00097,REP005,T01,Northeast,2024-01-01,Cardiology,53,8,39,0.123,0,Synthetic Sales Ops
QTA00098,REP005,T01,Northeast,2024-02-01,Cardiology,53,11,39,0.091,1,Synthetic Sales Ops
QTA00099,REP005,T01,Northeast,2024-03-01,Cardiology,55,7,41,0.138,0,Synthetic Sales Ops
QTA00100,REP005,T01,Northeast,2024-04-01,Cardiology,55,8,41,0.115,0,Synthetic Sales Ops
QTA00101,REP005,T01,Northeast,2024-05-01,Cardiology,48,6,36,0.101,0,Synthetic Sales Ops
QTA00102,REP005,T01,Northeast,2024-06-01,Cardiology,43,9,32,0.099,0,Synthetic Sales Ops
QTA00103,REP005,T01,Northeast,2024-07-01,Cardiology,40,6,30,0.076,1,Synthetic Sales Ops
QTA00104,REP005,T01,Northeast,2024-08-01,Cardiology,50,7,37,0.105,1,Synthetic Sales Ops
QTA00105,REP005,T01,Northeast,2024-09-01,Cardiology,50,5,37,0.124,0,Synthetic Sales Ops
QTA00106,REP005,T01,Northeast,2024-10-01,Cardiology,51,9,38,0.116,1,Synthetic Sales Ops
QTA00107,REP005,T01,Northeast,2024-11-01,Cardiology,49,7,36,0.095,1,Synthetic Sales Ops
QTA00108,REP005,T01,Northeast,2024-12-01,Cardiology,45,6,33,0.109,1,Synthetic Sales Ops
QTA00109,REP005,T01,Northeast,2025-01-01,Cardiology,50,6,37,0.128,0,Synthetic Sales Ops
QTA00110,REP005,T01,Northeast,2025-02-01,Cardiology,49,6,36,0.121,0,Synthetic Sales Ops
QTA00111,REP005,T01,Northeast,2025-03-01,Cardiology,44,7,33,0.115,1,Synthetic Sales Ops
QTA00112,REP005,T01,Northeast,2025-04-01,Cardiology,50,5,37,0.137,0,Synthetic Sales Ops
QTA00113,REP005,T01,Northeast,2025-05-01,Cardiology,48,8,36,0.062,1,Synthetic Sales Ops
QTA00114,REP005,T01,Northeast,2025-06-01,Cardiology,48,5,36,0.124,1,Synthetic Sales Ops
QTA00115,REP005,T01,Northeast,2025-07-01,Cardiology,45,6,33,0.115,1,Synthetic Sales Ops
QTA00116,REP005,T01,Northeast,2025-08-01,Cardiology,45,8,33,0.146,1,Synthetic Sales Ops
QTA00117,REP005,T01,Northeast,2025-09-01,Cardiology,48,4,36,0.084,1,Synthetic Sales Ops
QTA00118,REP005,T01,Northeast,2025-10-01,Cardiology,47,9,35,0.115,1,Synthetic Sales Ops
QTA00119,REP005,T01,Northeast,2025-11-01,Cardiology,52,6,39,0.135,0,Synthetic Sales Ops
QTA00120,REP005,T01,Northeast,2025-12-01,Cardiology,47,9,35,0.125,0,Synthetic Sales Ops
QTA00121,REP006,T02,Midwest,2024-01-01,Immunology,35,9,26,0.089,0,Synthetic Sales Ops
QTA00122,REP006,T02,Midwest,2024-02-01,Immunology,36,8,27,0.094,1,Synthetic Sales Ops
QTA00123,REP006,T02,Midwest,2024-03-01,Immunology,44,8,33,0.098,0,Synthetic Sales Ops
QTA00124,REP006,T02,Midwest,2024-04-01,Immunology,40,8,30,0.115,0,Synthetic Sales Ops
QTA00125,REP006,T02,Midwest,2024-05-01,Immunology,43,6,32,0.102,0,Synthetic Sales Ops
QTA00126,REP006,T02,Midwest,2024-06-01,Immunology,37,3,27,0.142,1,Synthetic Sales Ops
QTA00127,REP006,T02,Midwest,2024-07-01,Immunology,40,4,30,0.104,0,Synthetic Sales Ops
QTA00128,REP006,T02,Midwest,2024-08-01,Immunology,41,5,30,0.122,0,Synthetic Sales Ops
QTA00129,REP006,T02,Midwest,2024-09-01,Immunology,36,9,27,0.151,0,Synthetic Sales Ops
QTA00130,REP006,T02,Midwest,2024-10-01,Immunology,40,7,30,0.122,1,Synthetic Sales Ops
QTA00131,REP006,T02,Midwest,2024-11-01,Immunology,36,4,27,0.113,1,Synthetic Sales Ops
QTA00132,REP006,T02,Midwest,2024-12-01,Immunology,49,7,36,0.143,0,Synthetic Sales Ops
QTA00133,REP006,T02,Midwest,2025-01-01,Immunology,44,8,33,0.093,0,Synthetic Sales Ops
QTA00134,REP006,T02,Midwest,2025-02-01,Immunology,46,7,34,0.076,1,Synthetic Sales Ops
QTA00135,REP006,T02,Midwest,2025-03-01,Immunology,38,7,28,0.108,0,Synthetic Sales Ops
QTA00136,REP006,T02,Midwest,2025-04-01,Immunology,35,8,26,0.1,1,Synthetic Sales Ops
QTA00137,REP006,T02,Midwest,2025-05-01,Immunology,45,8,33,0.096,0,Synthetic Sales Ops
QTA00138,REP006,T02,Midwest,2025-06-01,Immunology,45,8,33,0.158,0,Synthetic Sales Ops
QTA00139,REP006,T02,Midwest,2025-07-01,Immunology,43,7,32,0.126,0,Synthetic Sales Ops
QTA00140,REP006,T02,Midwest,2025-08-01,Immunology,47,6,35,0.101,0,Synthetic Sales Ops
QTA00141,REP006,T02,Midwest,2025-09-01,Immunology,45,10,33,0.101,1,Synthetic Sales Ops
QTA00142,REP006,T02,Midwest,2025-10-01,Immunology,43,7,32,0.129,1,Synthetic Sales Ops
QTA00143,REP006,T02,Midwest,2025-11-01,Immunology,38,6,28,0.064,0,Synthetic Sales Ops
QTA00144,REP006,T02,Midwest,2025-12-01,Immunology,38,7,28,0.132,0,Synthetic Sales Ops
QTA00145,REP007,T04,South,2024-01-01,Oncology,63,10,47,0.09,0,Synthetic Sales Ops
QTA00146,REP007,T04,South,2024-02-01,Oncology,66,7,49,0.123,0,Synthetic Sales Ops
QTA00147,REP007,T04,South,2024-03-01,Oncology,66,5,49,0.11,0,Synthetic Sales Ops
QTA00148,REP007,T04,South,2024-04-01,Oncology,59,4,44,0.124,1,Synthetic Sales Ops
QTA00149,REP007,T04,South,2024-05-01,Oncology,59,7,44,0.133,0,Synthetic Sales Ops
QTA00150,REP007,T04,South,2024-06-01,Oncology,58,6,43,0.139,0,Synthetic Sales Ops
QTA00151,REP007,T04,South,2024-07-01,Oncology,67,5,50,0.088,1,Synthetic Sales Ops
QTA00152,REP007,T04,South,2024-08-01,Oncology,64,9,48,0.106,1,Synthetic Sales Ops
QTA00153,REP007,T04,South,2024-09-01,Oncology,64,9,48,0.126,0,Synthetic Sales Ops
QTA00154,REP007,T04,South,2024-10-01,Oncology,55,10,41,0.134,0,Synthetic Sales Ops
QTA00155,REP007,T04,South,2024-11-01,Oncology,56,8,42,0.129,0,Synthetic Sales Ops
QTA00156,REP007,T04,South,2024-12-01,Oncology,66,7,49,0.092,0,Synthetic Sales Ops
QTA00157,REP007,T04,South,2025-01-01,Oncology,62,5,46,0.151,1,Synthetic Sales Ops
QTA00158,REP007,T04,South,2025-02-01,Oncology,68,6,51,0.127,1,Synthetic Sales Ops
QTA00159,REP007,T04,South,2025-03-01,Oncology,65,10,48,0.123,0,Synthetic Sales Ops
QTA00160,REP007,T04,South,2025-04-01,Oncology,66,8,49,0.074,0,Synthetic Sales Ops
QTA00161,REP007,T04,South,2025-05-01,Oncology,61,5,45,0.144,1,Synthetic Sales Ops
QTA00162,REP007,T04,South,2025-06-01,Oncology,69,8,51,0.137,0,Synthetic Sales Ops
QTA00163,REP007,T04,South,2025-07-01,Oncology,64,5,48,0.118,0,Synthetic Sales Ops
QTA00164,REP007,T04,South,2025-08-01,Oncology,58,7,43,0.108,1,Synthetic Sales Ops
QTA00165,REP007,T04,South,2025-09-01,Oncology,67,8,50,0.115,1,Synthetic Sales Ops
QTA00166,REP007,T04,South,2025-10-01,Oncology,63,5,47,0.107,0,Synthetic Sales Ops
QTA00167,REP007,T04,South,2025-11-01,Oncology,58,9,43,0.118,1,Synthetic Sales Ops
QTA00168,REP007,T04,South,2025-12-01,Oncology,63,9,47,0.131,1,Synthetic Sales Ops
QTA00169,REP008,T06,West,2024-01-01,Cardiology,44,6,33,0.088,0,Synthetic Sales Ops
QTA00170,REP008,T06,West,2024-02-01,Cardiology,45,10,33,0.132,1,Synthetic Sales Ops
QTA00171,REP008,T06,West,2024-03-01,Cardiology,39,7,29,0.114,0,Synthetic Sales Ops
QTA00172,REP008,T06,West,2024-04-01,Cardiology,41,8,30,0.1,0,Synthetic Sales Ops
QTA00173,REP008,T06,West,2024-05-01,Cardiology,45,7,33,0.115,0,Synthetic Sales Ops
QTA00174,REP008,T06,West,2024-06-01,Cardiology,39,7,29,0.139,1,Synthetic Sales Ops
QTA00175,REP008,T06,West,2024-07-01,Cardiology,45,5,33,0.068,1,Synthetic Sales Ops
QTA00176,REP008,T06,West,2024-08-01,Cardiology,44,8,33,0.108,1,Synthetic Sales Ops
QTA00177,REP008,T06,West,2024-09-01,Cardiology,33,8,24,0.141,0,Synthetic Sales Ops
QTA00178,REP008,T06,West,2024-10-01,Cardiology,42,6,31,0.092,0,Synthetic Sales Ops
QTA00179,REP008,T06,West,2024-11-01,Cardiology,49,11,36,0.103,1,Synthetic Sales Ops
QTA00180,REP008,T06,West,2024-12-01,Cardiology,44,11,33,0.108,0,Synthetic Sales Ops
QTA00181,REP008,T06,West,2025-01-01,Cardiology,45,14,33,0.127,0,Synthetic Sales Ops
QTA00182,REP008,T06,West,2025-02-01,Cardiology,47,7,35,0.1,0,Synthetic Sales Ops
QTA00183,REP008,T06,West,2025-03-01,Cardiology,44,8,33,0.11,0,Synthetic Sales Ops
QTA00184,REP008,T06,West,2025-04-01,Cardiology,45,4,33,0.123,0,Synthetic Sales Ops
QTA00185,REP008,T06,West,2025-05-01,Cardiology,38,7,28,0.112,0,Synthetic Sales Ops
QTA00186,REP008,T06,West,2025-06-01,Cardiology,47,5,35,0.102,0,Synthetic Sales Ops
QTA00187,REP008,T06,West,2025-07-01,Cardiology,43,8,32,0.09,1,Synthetic Sales Ops
QTA00188,REP008,T06,West,2025-08-01,Cardiology,44,4,33,0.071,0,Synthetic Sales Ops
QTA00189,REP008,T06,West,2025-09-01,Cardiology,43,7,32,0.109,1,Synthetic Sales Ops
QTA00190,REP008,T06,West,2025-10-01,Cardiology,47,5,35,0.087,0,Synthetic Sales Ops
QTA00191,REP008,T06,West,2025-11-01,Cardiology,45,10,33,0.101,0,Synthetic Sales Ops
QTA00192,REP008,T06,West,2025-12-01,Cardiology,37,6,27,0.099,0,Synthetic Sales Ops
QTA00193,REP009,T01,Northeast,2024-01-01,Immunology,42,10,31,0.096,1,Synthetic Sales Ops
QTA00194,REP009,T01,Northeast,2024-02-01,Immunology,45,4,33,0.118,1,Synthetic Sales Ops
QTA00195,REP009,T01,Northeast,2024-03-01,Immunology,43,11,32,0.098,0,Synthetic Sales Ops
QTA00196,REP009,T01,Northeast,2024-04-01,Immunology,43,5,32,0.111,1,Synthetic Sales Ops
QTA00197,REP009,T01,Northeast,2024-05-01,Immunology,40,8,30,0.121,0,Synthetic Sales Ops
QTA00198,REP009,T01,Northeast,2024-06-01,Immunology,47,10,35,0.139,0,Synthetic Sales Ops
QTA00199,REP009,T01,Northeast,2024-07-01,Immunology,49,4,36,0.104,1,Synthetic Sales Ops
QTA00200,REP009,T01,Northeast,2024-08-01,Immunology,44,6,33,0.107,0,Synthetic Sales Ops
QTA00201,REP009,T01,Northeast,2024-09-01,Immunology,43,8,32,0.105,0,Synthetic Sales Ops
QTA00202,REP009,T01,Northeast,2024-10-01,Immunology,44,8,33,0.133,1,Synthetic Sales Ops
QTA00203,REP009,T01,Northeast,2024-11-01,Immunology,45,9,33,0.087,0,Synthetic Sales Ops
QTA00204,REP009,T01,Northeast,2024-12-01,Immunology,47,9,35,0.114,0,Synthetic Sales Ops
QTA00205,REP009,T01,Northeast,2025-01-01,Immunology,45,10,33,0.116,0,Synthetic Sales Ops
QTA00206,REP009,T01,Northeast,2025-02-01,Immunology,45,3,33,0.118,1,Synthetic Sales Ops
QTA00207,REP009,T01,Northeast,2025-03-01,Immunology,37,8,27,0.12,0,Synthetic Sales Ops
QTA00208,REP009,T01,Northeast,2025-04-01,Immunology,41,10,30,0.1,0,Synthetic Sales Ops
QTA00209,REP009,T01,Northeast,2025-05-01,Immunology,43,8,32,0.142,1,Synthetic Sales Ops
QTA00210,REP009,T01,Northeast,2025-06-01,Immunology,39,7,29,0.109,1,Synthetic Sales Ops
QTA00211,REP009,T01,Northeast,2025-07-01,Immunology,42,6,31,0.128,0,Synthetic Sales Ops
QTA00212,REP009,T01,Northeast,2025-08-01,Immunology,42,7,31,0.114,1,Synthetic Sales Ops
QTA00213,REP009,T01,Northeast,2025-09-01,Immunology,40,5,30,0.132,0,Synthetic Sales Ops
QTA00214,REP009,T01,Northeast,2025-10-01,Immunology,38,8,28,0.119,0,Synthetic Sales Ops
QTA00215,REP009,T01,Northeast,2025-11-01,Immunology,44,9,33,0.117,0,Synthetic Sales Ops
QTA00216,REP009,T01,Northeast,2025-12-01,Immunology,38,8,28,0.104,0,Synthetic Sales Ops
QTA00217,REP010,T02,Midwest,2024-01-01,Oncology,51,10,38,0.146,1,Synthetic Sales Ops
QTA00218,REP010,T02,Midwest,2024-02-01,Oncology,47,8,35,0.125,0,Synthetic Sales Ops
QTA00219,REP010,T02,Midwest,2024-03-01,Oncology,48,9,36,0.109,0,Synthetic Sales Ops
QTA00220,REP010,T02,Midwest,2024-04-01,Oncology,46,9,34,0.11,0,Synthetic Sales Ops
QTA00221,REP010,T02,Midwest,2024-05-01,Oncology,50,7,37,0.125,0,Synthetic Sales Ops
QTA00222,REP010,T02,Midwest,2024-06-01,Oncology,43,10,32,0.1,1,Synthetic Sales Ops
QTA00223,REP010,T02,Midwest,2024-07-01,Oncology,43,5,32,0.111,0,Synthetic Sales Ops
QTA00224,REP010,T02,Midwest,2024-08-01,Oncology,46,9,34,0.117,1,Synthetic Sales Ops
QTA00225,REP010,T02,Midwest,2024-09-01,Oncology,49,9,36,0.068,1,Synthetic Sales Ops
QTA00226,REP010,T02,Midwest,2024-10-01,Oncology,39,8,29,0.11,0,Synthetic Sales Ops
QTA00227,REP010,T02,Midwest,2024-11-01,Oncology,52,8,39,0.1,0,Synthetic Sales Ops
QTA00228,REP010,T02,Midwest,2024-12-01,Oncology,45,7,33,0.13,0,Synthetic Sales Ops
QTA00229,REP010,T02,Midwest,2025-01-01,Oncology,51,9,38,0.091,0,Synthetic Sales Ops
QTA00230,REP010,T02,Midwest,2025-02-01,Oncology,50,8,37,0.095,0,Synthetic Sales Ops
QTA00231,REP010,T02,Midwest,2025-03-01,Oncology,45,9,33,0.091,1,Synthetic Sales Ops
QTA00232,REP010,T02,Midwest,2025-04-01,Oncology,43,7,32,0.112,0,Synthetic Sales Ops
QTA00233,REP010,T02,Midwest,2025-05-01,Oncology,42,10,31,0.113,0,Synthetic Sales Ops
QTA00234,REP010,T02,Midwest,2025-06-01,Oncology,48,8,36,0.107,0,Synthetic Sales Ops
QTA00235,REP010,T02,Midwest,2025-07-01,Oncology,46,10,34,0.097,0,Synthetic Sales Ops
QTA00236,REP010,T02,Midwest,2025-08-01,Oncology,43,8,32,0.139,0,Synthetic Sales Ops
QTA00237,REP010,T02,Midwest,2025-09-01,Oncology,47,5,35,0.105,1,Synthetic Sales Ops
QTA00238,REP010,T02,Midwest,2025-10-01,Oncology,44,8,33,0.136,0,Synthetic Sales Ops
QTA00239,REP010,T02,Midwest,2025-11-01,Oncology,45,10,33,0.115,0,Synthetic Sales Ops
QTA00240,REP010,T02,Midwest,2025-12-01,Oncology,49,8,36,0.112,0,Synthetic Sales Ops
QTA00241,REP011,T04,South,2024-01-01,Cardiology,46,9,34,0.104,0,Synthetic Sales Ops
QTA00242,REP011,T04,South,2024-02-01,Cardiology,53,9,39,0.114,1,Synthetic Sales Ops
QTA00243,REP011,T04,South,2024-03-01,Cardiology,57,11,42,0.12,1,Synthetic Sales Ops
QTA00244,REP011,T04,South,2024-04-01,Cardiology,57,10,42,0.122,0,Synthetic Sales Ops
QTA00245,REP011,T04,South,2024-05-01,Cardiology,55,5,41,0.124,1,Synthetic Sales Ops
QTA00246,REP011,T04,South,2024-06-01,Cardiology,49,10,36,0.127,1,Synthetic Sales Ops
QTA00247,REP011,T04,South,2024-07-01,Cardiology,51,5,38,0.105,0,Synthetic Sales Ops
QTA00248,REP011,T04,South,2024-08-01,Cardiology,53,10,39,0.103,0,Synthetic Sales Ops
QTA00249,REP011,T04,South,2024-09-01,Cardiology,49,8,36,0.11,0,Synthetic Sales Ops
QTA00250,REP011,T04,South,2024-10-01,Cardiology,52,7,39,0.105,1,Synthetic Sales Ops
QTA00251,REP011,T04,South,2024-11-01,Cardiology,52,7,39,0.068,1,Synthetic Sales Ops
QTA00252,REP011,T04,South,2024-12-01,Cardiology,51,6,38,0.138,0,Synthetic Sales Ops
QTA00253,REP011,T04,South,2025-01-01,Cardiology,58,8,43,0.111,0,Synthetic Sales Ops
QTA00254,REP011,T04,South,2025-02-01,Cardiology,53,11,39,0.064,0,Synthetic Sales Ops
QTA00255,REP011,T04,South,2025-03-01,Cardiology,50,8,37,0.124,0,Synthetic Sales Ops
QTA00256,REP011,T04,South,2025-04-01,Cardiology,51,10,38,0.131,0,Synthetic Sales Ops
QTA00257,REP011,T04,South,2025-05-01,Cardiology,56,8,42,0.099,0,Synthetic Sales Ops
QTA00258,REP011,T04,South,2025-06-01,Cardiology,53,8,39,0.139,1,Synthetic Sales Ops
QTA00259,REP011,T04,South,2025-07-01,Cardiology,47,5,35,0.103,0,Synthetic Sales Ops
QTA00260,REP011,T04,South,2025-08-01,Cardiology,46,6,34,0.093,1,Synthetic Sales Ops
QTA00261,REP011,T04,South,2025-09-01,Cardiology,60,7,45,0.103,0,Synthetic Sales Ops
QTA00262,REP011,T04,South,2025-10-01,Cardiology,45,7,33,0.09,1,Synthetic Sales Ops
QTA00263,REP011,T04,South,2025-11-01,Cardiology,46,6,34,0.113,0,Synthetic Sales Ops
QTA00264,REP011,T04,South,2025-12-01,Cardiology,54,5,40,0.127,0,Synthetic Sales Ops
QTA00265,REP012,T06,West,2024-01-01,Immunology,46,7,34,0.082,1,Synthetic Sales Ops
QTA00266,REP012,T06,West,2024-02-01,Immunology,45,9,33,0.107,0,Synthetic Sales Ops
QTA00267,REP012,T06,West,2024-03-01,Immunology,48,7,36,0.125,0,Synthetic Sales Ops
QTA00268,REP012,T06,West,2024-04-01,Immunology,51,5,38,0.091,0,Synthetic Sales Ops
QTA00269,REP012,T06,West,2024-05-01,Immunology,39,5,29,0.1,0,Synthetic Sales Ops
QTA00270,REP012,T06,West,2024-06-01,Immunology,43,6,32,0.097,0,Synthetic Sales Ops
QTA00271,REP012,T06,West,2024-07-01,Immunology,40,12,30,0.116,0,Synthetic Sales Ops
QTA00272,REP012,T06,West,2024-08-01,Immunology,42,7,31,0.096,0,Synthetic Sales Ops
QTA00273,REP012,T06,West,2024-09-01,Immunology,38,4,28,0.065,0,Synthetic Sales Ops
QTA00274,REP012,T06,West,2024-10-01,Immunology,49,7,36,0.136,0,Synthetic Sales Ops
QTA00275,REP012,T06,West,2024-11-01,Immunology,47,6,35,0.12,0,Synthetic Sales Ops
QTA00276,REP012,T06,West,2024-12-01,Immunology,41,9,30,0.121,0,Synthetic Sales Ops
QTA00277,REP012,T06,West,2025-01-01,Immunology,39,5,29,0.112,0,Synthetic Sales Ops
QTA00278,REP012,T06,West,2025-02-01,Immunology,40,8,30,0.121,0,Synthetic Sales Ops
QTA00279,REP012,T06,West,2025-03-01,Immunology,50,10,37,0.09,0,Synthetic Sales Ops
QTA00280,REP012,T06,West,2025-04-01,Immunology,41,10,30,0.111,1,Synthetic Sales Ops
QTA00281,REP012,T06,West,2025-05-01,Immunology,36,7,27,0.079,0,Synthetic Sales Ops
QTA00282,REP012,T06,West,2025-06-01,Immunology,50,6,37,0.116,0,Synthetic Sales Ops
QTA00283,REP012,T06,West,2025-07-01,Immunology,41,9,30,0.109,0,Synthetic Sales Ops
QTA00284,REP012,T06,West,2025-08-01,Immunology,42,9,31,0.112,0,Synthetic Sales Ops
QTA00285,REP012,T06,West,2025-09-01,Immunology,42,7,31,0.108,1,Synthetic Sales Ops
QTA00286,REP012,T06,West,2025-10-01,Immunology,46,9,34,0.122,0,Synthetic Sales Ops
QTA00287,REP012,T06,West,2025-11-01,Immunology,49,7,36,0.117,0,Synthetic Sales Ops
QTA00288,REP012,T06,West,2025-12-01,Immunology,44,6,33,0.142,0,Synthetic Sales Ops
QTA00289,REP013,T01,Northeast,2024-01-01,Oncology,48,3,36,0.07,0,Synthetic Sales Ops
QTA00290,REP013,T01,Northeast,2024-02-01,Oncology,44,8,33,0.083,1,Synthetic Sales Ops
QTA00291,REP013,T01,Northeast,2024-03-01,Oncology,52,9,39,0.113,0,Synthetic Sales Ops
QTA00292,REP013,T01,Northeast,2024-04-01,Oncology,42,3,31,0.115,1,Synthetic Sales Ops
QTA00293,REP013,T01,Northeast,2024-05-01,Oncology,37,6,27,0.087,0,Synthetic Sales Ops
QTA00294,REP013,T01,Northeast,2024-06-01,Oncology,44,3,33,0.122,0,Synthetic Sales Ops
QTA00295,REP013,T01,Northeast,2024-07-01,Oncology,42,3,31,0.09,0,Synthetic Sales Ops
QTA00296,REP013,T01,Northeast,2024-08-01,Oncology,32,7,24,0.086,1,Synthetic Sales Ops
QTA00297,REP013,T01,Northeast,2024-09-01,Oncology,41,8,30,0.121,1,Synthetic Sales Ops
QTA00298,REP013,T01,Northeast,2024-10-01,Oncology,43,8,32,0.08,0,Synthetic Sales Ops
QTA00299,REP013,T01,Northeast,2024-11-01,Oncology,40,6,30,0.11,0,Synthetic Sales Ops
QTA00300,REP013,T01,Northeast,2024-12-01,Oncology,44,9,33,0.116,0,Synthetic Sales Ops
QTA00301,REP013,T01,Northeast,2025-01-01,Oncology,43,9,32,0.072,0,Synthetic Sales Ops
QTA00302,REP013,T01,Northeast,2025-02-01,Oncology,47,8,35,0.118,1,Synthetic Sales Ops
QTA00303,REP013,T01,Northeast,2025-03-01,Oncology,45,9,33,0.164,0,Synthetic Sales Ops
QTA00304,REP013,T01,Northeast,2025-04-01,Oncology,40,8,30,0.119,0,Synthetic Sales Ops
QTA00305,REP013,T01,Northeast,2025-05-01,Oncology,39,12,29,0.117,1,Synthetic Sales Ops
QTA00306,REP013,T01,Northeast,2025-06-01,Oncology,47,7,35,0.105,1,Synthetic Sales Ops
QTA00307,REP013,T01,Northeast,2025-07-01,Oncology,38,8,28,0.148,0,Synthetic Sales Ops
QTA00308,REP013,T01,Northeast,2025-08-01,Oncology,42,6,31,0.102,0,Synthetic Sales Ops
QTA00309,REP013,T01,Northeast,2025-09-01,Oncology,42,9,31,0.075,0,Synthetic Sales Ops
QTA00310,REP013,T01,Northeast,2025-10-01,Oncology,42,8,31,0.087,0,Synthetic Sales Ops
QTA00311,REP013,T01,Northeast,2025-11-01,Oncology,48,9,36,0.08,1,Synthetic Sales Ops
QTA00312,REP013,T01,Northeast,2025-12-01,Oncology,45,4,33,0.11,1,Synthetic Sales Ops
QTA00313,REP014,T02,Midwest,2024-01-01,Cardiology,44,8,33,0.116,1,Synthetic Sales Ops
QTA00314,REP014,T02,Midwest,2024-02-01,Cardiology,46,3,34,0.104,0,Synthetic Sales Ops
QTA00315,REP014,T02,Midwest,2024-03-01,Cardiology,34,8,25,0.135,0,Synthetic Sales Ops
QTA00316,REP014,T02,Midwest,2024-04-01,Cardiology,43,6,32,0.097,0,Synthetic Sales Ops
QTA00317,REP014,T02,Midwest,2024-05-01,Cardiology,39,8,29,0.073,1,Synthetic Sales Ops
QTA00318,REP014,T02,Midwest,2024-06-01,Cardiology,44,7,33,0.122,1,Synthetic Sales Ops
QTA00319,REP014,T02,Midwest,2024-07-01,Cardiology,46,7,34,0.106,0,Synthetic Sales Ops
QTA00320,REP014,T02,Midwest,2024-08-01,Cardiology,39,9,29,0.115,0,Synthetic Sales Ops
QTA00321,REP014,T02,Midwest,2024-09-01,Cardiology,41,9,30,0.102,0,Synthetic Sales Ops
QTA00322,REP014,T02,Midwest,2024-10-01,Cardiology,35,10,26,0.137,0,Synthetic Sales Ops
QTA00323,REP014,T02,Midwest,2024-11-01,Cardiology,50,9,37,0.129,0,Synthetic Sales Ops
QTA00324,REP014,T02,Midwest,2024-12-01,Cardiology,41,7,30,0.118,0,Synthetic Sales Ops
QTA00325,REP014,T02,Midwest,2025-01-01,Cardiology,42,6,31,0.126,0,Synthetic Sales Ops
QTA00326,REP014,T02,Midwest,2025-02-01,Cardiology,44,9,33,0.105,0,Synthetic Sales Ops
QTA00327,REP014,T02,Midwest,2025-03-01,Cardiology,38,4,28,0.115,0,Synthetic Sales Ops
QTA00328,REP014,T02,Midwest,2025-04-01,Cardiology,40,3,30,0.085,0,Synthetic Sales Ops
QTA00329,REP014,T02,Midwest,2025-05-01,Cardiology,39,8,29,0.082,0,Synthetic Sales Ops
QTA00330,REP014,T02,Midwest,2025-06-01,Cardiology,41,8,30,0.157,0,Synthetic Sales Ops
QTA00331,REP014,T02,Midwest,2025-07-01,Cardiology,40,6,30,0.103,1,Synthetic Sales Ops
QTA00332,REP014,T02,Midwest,2025-08-01,Cardiology,41,7,30,0.139,0,Synthetic Sales Ops
QTA00333,REP014,T02,Midwest,2025-09-01,Cardiology,51,8,38,0.146,0,Synthetic Sales Ops
QTA00334,REP014,T02,Midwest,2025-10-01,Cardiology,45,6,33,0.093,0,Synthetic Sales Ops
QTA00335,REP014,T02,Midwest,2025-11-01,Cardiology,45,8,33,0.084,0,Synthetic Sales Ops
QTA00336,REP014,T02,Midwest,2025-12-01,Cardiology,36,4,27,0.112,0,Synthetic Sales Ops
QTA00337,REP015,T04,South,2024-01-01,Immunology,41,7,30,0.107,0,Synthetic Sales Ops
QTA00338,REP015,T04,South,2024-02-01,Immunology,45,7,33,0.144,0,Synthetic Sales Ops
QTA00339,REP015,T04,South,2024-03-01,Immunology,53,8,39,0.117,1,Synthetic Sales Ops
QTA00340,REP015,T04,South,2024-04-01,Immunology,47,9,35,0.083,0,Synthetic Sales Ops
QTA00341,REP015,T04,South,2024-05-01,Immunology,51,6,38,0.11,0,Synthetic Sales Ops
QTA00342,REP015,T04,South,2024-06-01,Immunology,46,7,34,0.088,1,Synthetic Sales Ops
QTA00343,REP015,T04,South,2024-07-01,Immunology,46,9,34,0.086,1,Synthetic Sales Ops
QTA00344,REP015,T04,South,2024-08-01,Immunology,48,10,36,0.117,0,Synthetic Sales Ops
QTA00345,REP015,T04,South,2024-09-01,Immunology,52,3,39,0.109,0,Synthetic Sales Ops
QTA00346,REP015,T04,South,2024-10-01,Immunology,51,8,38,0.121,0,Synthetic Sales Ops
QTA00347,REP015,T04,South,2024-11-01,Immunology,43,4,32,0.114,1,Synthetic Sales Ops
QTA00348,REP015,T04,South,2024-12-01,Immunology,56,7,42,0.071,1,Synthetic Sales Ops
QTA00349,REP015,T04,South,2025-01-01,Immunology,40,7,30,0.106,1,Synthetic Sales Ops
QTA00350,REP015,T04,South,2025-02-01,Immunology,55,10,41,0.107,0,Synthetic Sales Ops
QTA00351,REP015,T04,South,2025-03-01,Immunology,53,9,39,0.116,0,Synthetic Sales Ops
QTA00352,REP015,T04,South,2025-04-01,Immunology,46,12,34,0.091,1,Synthetic Sales Ops
QTA00353,REP015,T04,South,2025-05-01,Immunology,44,6,33,0.14,1,Synthetic Sales Ops
QTA00354,REP015,T04,South,2025-06-01,Immunology,54,8,40,0.108,0,Synthetic Sales Ops
QTA00355,REP015,T04,South,2025-07-01,Immunology,50,4,37,0.094,0,Synthetic Sales Ops
QTA00356,REP015,T04,South,2025-08-01,Immunology,52,4,39,0.096,1,Synthetic Sales Ops
QTA00357,REP015,T04,South,2025-09-01,Immunology,49,5,36,0.097,0,Synthetic Sales Ops
QTA00358,REP015,T04,South,2025-10-01,Immunology,54,9,40,0.107,1,Synthetic Sales Ops
QTA00359,REP015,T04,South,2025-11-01,Immunology,51,6,38,0.087,0,Synthetic Sales Ops
QTA00360,REP015,T04,South,2025-12-01,Immunology,48,5,36,0.113,0,Synthetic Sales Ops
QTA00361,REP016,T06,West,2024-01-01,Oncology,51,8,38,0.106,1,Synthetic Sales Ops
QTA00362,REP016,T06,West,2024-02-01,Oncology,57,5,42,0.085,0,Synthetic Sales Ops
QTA00363,REP016,T06,West,2024-03-01,Oncology,62,3,46,0.117,0,Synthetic Sales Ops
QTA00364,REP016,T06,West,2024-04-01,Oncology,57,9,42,0.096,0,Synthetic Sales Ops
QTA00365,REP016,T06,West,2024-05-01,Oncology,51,3,38,0.129,0,Synthetic Sales Ops
QTA00366,REP016,T06,West,2024-06-01,Oncology,56,5,42,0.082,0,Synthetic Sales Ops
QTA00367,REP016,T06,West,2024-07-01,Oncology,55,8,41,0.119,0,Synthetic Sales Ops
QTA00368,REP016,T06,West,2024-08-01,Oncology,58,11,43,0.089,1,Synthetic Sales Ops
QTA00369,REP016,T06,West,2024-09-01,Oncology,62,10,46,0.082,0,Synthetic Sales Ops
QTA00370,REP016,T06,West,2024-10-01,Oncology,63,9,47,0.114,1,Synthetic Sales Ops
QTA00371,REP016,T06,West,2024-11-01,Oncology,56,8,42,0.105,0,Synthetic Sales Ops
QTA00372,REP016,T06,West,2024-12-01,Oncology,58,6,43,0.121,0,Synthetic Sales Ops
QTA00373,REP016,T06,West,2025-01-01,Oncology,50,8,37,0.095,0,Synthetic Sales Ops
QTA00374,REP016,T06,West,2025-02-01,Oncology,58,9,43,0.134,1,Synthetic Sales Ops
QTA00375,REP016,T06,West,2025-03-01,Oncology,62,3,46,0.142,0,Synthetic Sales Ops
QTA00376,REP016,T06,West,2025-04-01,Oncology,62,5,46,0.093,1,Synthetic Sales Ops
QTA00377,REP016,T06,West,2025-05-01,Oncology,57,8,42,0.132,1,Synthetic Sales Ops
QTA00378,REP016,T06,West,2025-06-01,Oncology,61,8,45,0.106,1,Synthetic Sales Ops
QTA00379,REP016,T06,West,2025-07-01,Oncology,60,3,45,0.123,0,Synthetic Sales Ops
QTA00380,REP016,T06,West,2025-08-01,Oncology,58,7,43,0.133,0,Synthetic Sales Ops
QTA00381,REP016,T06,West,2025-09-01,Oncology,55,6,41,0.135,1,Synthetic Sales Ops
QTA00382,REP016,T06,West,2025-10-01,Oncology,56,7,42,0.079,1,Synthetic Sales Ops
QTA00383,REP016,T06,West,2025-11-01,Oncology,50,9,37,0.113,1,Synthetic Sales Ops
QTA00384,REP016,T06,West,2025-12-01,Oncology,53,7,39,0.146,1,Synthetic Sales Ops
QTA00385,REP017,T01,Northeast,2024-01-01,Cardiology,47,8,35,0.116,1,Synthetic Sales Ops
QTA00386,REP017,T01,Northeast,2024-02-01,Cardiology,46,4,34,0.113,0,Synthetic Sales Ops
QTA00387,REP017,T01,Northeast,2024-03-01,Cardiology,46,4,34,0.13,0,Synthetic Sales Ops
QTA00388,REP017,T01,Northeast,2024-04-01,Cardiology,44,7,33,0.08,1,Synthetic Sales Ops
QTA00389,REP017,T01,Northeast,2024-05-01,Cardiology,44,10,33,0.097,0,Synthetic Sales Ops
QTA00390,REP017,T01,Northeast,2024-06-01,Cardiology,44,8,33,0.107,1,Synthetic Sales Ops
QTA00391,REP017,T01,Northeast,2024-07-01,Cardiology,44,4,33,0.082,1,Synthetic Sales Ops
QTA00392,REP017,T01,Northeast,2024-08-01,Cardiology,47,5,35,0.118,1,Synthetic Sales Ops
QTA00393,REP017,T01,Northeast,2024-09-01,Cardiology,56,4,42,0.114,1,Synthetic Sales Ops
QTA00394,REP017,T01,Northeast,2024-10-01,Cardiology,45,8,33,0.063,0,Synthetic Sales Ops
QTA00395,REP017,T01,Northeast,2024-11-01,Cardiology,54,7,40,0.115,0,Synthetic Sales Ops
QTA00396,REP017,T01,Northeast,2024-12-01,Cardiology,46,6,34,0.064,0,Synthetic Sales Ops
QTA00397,REP017,T01,Northeast,2025-01-01,Cardiology,46,5,34,0.113,1,Synthetic Sales Ops
QTA00398,REP017,T01,Northeast,2025-02-01,Cardiology,44,9,33,0.083,0,Synthetic Sales Ops
QTA00399,REP017,T01,Northeast,2025-03-01,Cardiology,41,6,30,0.148,0,Synthetic Sales Ops
QTA00400,REP017,T01,Northeast,2025-04-01,Cardiology,47,6,35,0.099,1,Synthetic Sales Ops
QTA00401,REP017,T01,Northeast,2025-05-01,Cardiology,47,7,35,0.109,0,Synthetic Sales Ops
QTA00402,REP017,T01,Northeast,2025-06-01,Cardiology,41,6,30,0.128,0,Synthetic Sales Ops
QTA00403,REP017,T01,Northeast,2025-07-01,Cardiology,46,6,34,0.112,0,Synthetic Sales Ops
QTA00404,REP017,T01,Northeast,2025-08-01,Cardiology,52,9,39,0.084,0,Synthetic Sales Ops
QTA00405,REP017,T01,Northeast,2025-09-01,Cardiology,43,6,32,0.116,0,Synthetic Sales Ops
QTA00406,REP017,T01,Northeast,2025-10-01,Cardiology,50,6,37,0.098,0,Synthetic Sales Ops
QTA00407,REP017,T01,Northeast,2025-11-01,Cardiology,44,10,33,0.123,0,Synthetic Sales Ops
QTA00408,REP017,T01,Northeast,2025-12-01,Cardiology,56,5,42,0.111,0,Synthetic Sales Ops
QTA00409,REP018,T02,Midwest,2024-01-01,Immunology,40,6,30,0.089,0,Synthetic Sales Ops
QTA00410,REP018,T02,Midwest,2024-02-01,Immunology,43,5,32,0.127,0,Synthetic Sales Ops
QTA00411,REP018,T02,Midwest,2024-03-01,Immunology,55,7,41,0.111,0,Synthetic Sales Ops
QTA00412,REP018,T02,Midwest,2024-04-01,Immunology,50,10,37,0.116,0,Synthetic Sales Ops
QTA00413,REP018,T02,Midwest,2024-05-01,Immunology,44,5,33,0.139,0,Synthetic Sales Ops
QTA00414,REP018,T02,Midwest,2024-06-01,Immunology,44,3,33,0.09,0,Synthetic Sales Ops
QTA00415,REP018,T02,Midwest,2024-07-01,Immunology,48,10,36,0.078,0,Synthetic Sales Ops
QTA00416,REP018,T02,Midwest,2024-08-01,Immunology,48,4,36,0.11,0,Synthetic Sales Ops
QTA00417,REP018,T02,Midwest,2024-09-01,Immunology,42,4,31,0.103,0,Synthetic Sales Ops
QTA00418,REP018,T02,Midwest,2024-10-01,Immunology,43,6,32,0.101,0,Synthetic Sales Ops
QTA00419,REP018,T02,Midwest,2024-11-01,Immunology,45,7,33,0.102,1,Synthetic Sales Ops
QTA00420,REP018,T02,Midwest,2024-12-01,Immunology,36,8,27,0.11,1,Synthetic Sales Ops
QTA00421,REP018,T02,Midwest,2025-01-01,Immunology,47,4,35,0.071,0,Synthetic Sales Ops
QTA00422,REP018,T02,Midwest,2025-02-01,Immunology,43,8,32,0.101,1,Synthetic Sales Ops
QTA00423,REP018,T02,Midwest,2025-03-01,Immunology,47,8,35,0.105,1,Synthetic Sales Ops
QTA00424,REP018,T02,Midwest,2025-04-01,Immunology,47,10,35,0.123,1,Synthetic Sales Ops
QTA00425,REP018,T02,Midwest,2025-05-01,Immunology,46,9,34,0.141,1,Synthetic Sales Ops
QTA00426,REP018,T02,Midwest,2025-06-01,Immunology,43,9,32,0.111,0,Synthetic Sales Ops
QTA00427,REP018,T02,Midwest,2025-07-01,Immunology,45,9,33,0.112,0,Synthetic Sales Ops
QTA00428,REP018,T02,Midwest,2025-08-01,Immunology,42,10,31,0.092,0,Synthetic Sales Ops
QTA00429,REP018,T02,Midwest,2025-09-01,Immunology,44,9,33,0.08,0,Synthetic Sales Ops
QTA00430,REP018,T02,Midwest,2025-10-01,Immunology,35,8,26,0.088,0,Synthetic Sales Ops
QTA00431,REP018,T02,Midwest,2025-11-01,Immunology,46,6,34,0.115,0,Synthetic Sales Ops
QTA00432,REP018,T02,Midwest,2025-12-01,Immunology,46,8,34,0.096,0,Synthetic Sales Ops
